Date,Source,Site ID,POC,Daily Mean PM2.5 Concentration,UNITS,DAILY_AQI_VALUE,Site Name,DAILY_OBS_COUNT,PERCENT_COMPLETE,AQS_PARAMETER_CODE,AQS_PARAMETER_DESC,CBSA_CODE,CBSA_NAME,STATE_CODE,STATE,COUNTY_CODE,COUNTY,SITE_LATITUDE,SITE_LONGITUDE
1/1/2020,AQS,60070008,3,23.5,ug/m3 LC,75,Chico-East Avenue,1,100,88101,PM2.5 - Local Conditions,17020,"Chico, CA",6,California,7,Butte,39.76168,-121.84047
1/2/2020,AQS,60070008,3,17,ug/m3 LC,61,Chico-East Avenue,1,100,88101,PM2.5 - Local Conditions,17020,"Chico, CA",6,California,7,Butte,39.76168,-121.84047
1/3/2020,AQS,60070008,3,23.2,ug/m3 LC,74,Chico-East Avenue,1,100,88101,PM2.5 - Local Conditions,17020,"Chico, CA",6,California,7,Butte,39.76168,-121.84047
1/4/2020,AQS,60070008,3,14,ug/m3 LC,55,Chico-East Avenue,1,100,88101,PM2.5 - Local Conditions,17020,"Chico, CA",6,California,7,Butte,39.76168,-121.84047
1/5/2020,AQS,60070008,3,16.3,ug/m3 LC,60,Chico-East Avenue,1,100,88101,PM2.5 - Local Conditions,17020,"Chico, CA",6,California,7,Butte,39.76168,-121.84047
1/6/2020,AQS,60070008,3,11.2,ug/m3 LC,47,Chico-East Avenue,1,100,88101,PM2.5 - Local Conditions,17020,"Chico, CA",6,California,7,Butte,39.76168,-121.84047
1/7/2020,AQS,60070008,3,21.7,ug/m3 LC,71,Chico-East Avenue,1,100,88101,PM2.5 - Local Conditions,17020,"Chico, CA",6,California,7,Butte,39.76168,-121.84047
1/8/2020,AQS,60070008,3,20.3,ug/m3 LC,68,Chico-East Avenue,1,100,88101,PM2.5 - Local Conditions,17020,"Chico, CA",6,California,7,Butte,39.76168,-121.84047
1/9/2020,AQS,60070008,3,7.5,ug/m3 LC,31,Chico-East Avenue,1,100,88101,PM2.5 - Local Conditions,17020,"Chico, CA",6,California,7,Butte,39.76168,-121.84047
1/10/2020,AQS,60070008,3,9.9,ug/m3 LC,41,Chico-East Avenue,1,100,88101,PM2.5 - Local Conditions,17020,"Chico, CA",6,California,7,Butte,39.76168,-121.84047
1/11/2020,AQS,60070008,3,9.4,ug/m3 LC,39,Chico-East Avenue,1,100,88101,PM2.5 - Local Conditions,17020,"Chico, CA",6,California,7,Butte,39.76168,-121.84047
1/12/2020,AQS,60070008,3,7.2,ug/m3 LC,30,Chico-East Avenue,1,100,88101,PM2.5 - Local Conditions,17020,"Chico, CA",6,California,7,Butte,39.76168,-121.84047
1/13/2020,AQS,60070008,3,2.9,ug/m3 LC,12,Chico-East Avenue,1,100,88101,PM2.5 - Local Conditions,17020,"Chico, CA",6,California,7,Butte,39.76168,-121.84047
1/14/2020,AQS,60070008,3,5.2,ug/m3 LC,22,Chico-East Avenue,1,100,88101,PM2.5 - Local Conditions,17020,"Chico, CA",6,California,7,Butte,39.76168,-121.84047
1/15/2020,AQS,60070008,3,11,ug/m3 LC,46,Chico-East Avenue,1,100,88101,PM2.5 - Local Conditions,17020,"Chico, CA",6,California,7,Butte,39.76168,-121.84047
1/16/2020,AQS,60070008,3,2.9,ug/m3 LC,12,Chico-East Avenue,1,100,88101,PM2.5 - Local Conditions,17020,"Chico, CA",6,California,7,Butte,39.76168,-121.84047
1/17/2020,AQS,60070008,3,5.2,ug/m3 LC,22,Chico-East Avenue,1,100,88101,PM2.5 - Local Conditions,17020,"Chico, CA",6,California,7,Butte,39.76168,-121.84047
1/18/2020,AQS,60070008,3,7.4,ug/m3 LC,31,Chico-East Avenue,1,100,88101,PM2.5 - Local Conditions,17020,"Chico, CA",6,California,7,Butte,39.76168,-121.84047
1/19/2020,AQS,60070008,3,19.4,ug/m3 LC,66,Chico-East Avenue,1,100,88101,PM2.5 - Local Conditions,17020,"Chico, CA",6,California,7,Butte,39.76168,-121.84047
1/20/2020,AQS,60070008,3,22.1,ug/m3 LC,72,Chico-East Avenue,1,100,88101,PM2.5 - Local Conditions,17020,"Chico, CA",6,California,7,Butte,39.76168,-121.84047
1/21/2020,AQS,60070008,3,6.6,ug/m3 LC,28,Chico-East Avenue,1,100,88101,PM2.5 - Local Conditions,17020,"Chico, CA",6,California,7,Butte,39.76168,-121.84047
1/22/2020,AQS,60070008,3,4.6,ug/m3 LC,19,Chico-East Avenue,1,100,88101,PM2.5 - Local Conditions,17020,"Chico, CA",6,California,7,Butte,39.76168,-121.84047
1/23/2020,AQS,60070008,3,12.6,ug/m3 LC,52,Chico-East Avenue,1,100,88101,PM2.5 - Local Conditions,17020,"Chico, CA",6,California,7,Butte,39.76168,-121.84047
1/24/2020,AQS,60070008,3,18.1,ug/m3 LC,64,Chico-East Avenue,1,100,88101,PM2.5 - Local Conditions,17020,"Chico, CA",6,California,7,Butte,39.76168,-121.84047
1/25/2020,AQS,60070008,3,19,ug/m3 LC,66,Chico-East Avenue,1,100,88101,PM2.5 - Local Conditions,17020,"Chico, CA",6,California,7,Butte,39.76168,-121.84047
1/26/2020,AQS,60070008,3,6.8,ug/m3 LC,28,Chico-East Avenue,1,100,88101,PM2.5 - Local Conditions,17020,"Chico, CA",6,California,7,Butte,39.76168,-121.84047
1/27/2020,AQS,60070008,3,4.3,ug/m3 LC,18,Chico-East Avenue,1,100,88101,PM2.5 - Local Conditions,17020,"Chico, CA",6,California,7,Butte,39.76168,-121.84047
1/28/2020,AQS,60070008,3,4.8,ug/m3 LC,20,Chico-East Avenue,1,100,88101,PM2.5 - Local Conditions,17020,"Chico, CA",6,California,7,Butte,39.76168,-121.84047
1/29/2020,AQS,60070008,3,7.1,ug/m3 LC,30,Chico-East Avenue,1,100,88101,PM2.5 - Local Conditions,17020,"Chico, CA",6,California,7,Butte,39.76168,-121.84047
1/30/2020,AQS,60070008,3,8.9,ug/m3 LC,37,Chico-East Avenue,1,100,88101,PM2.5 - Local Conditions,17020,"Chico, CA",6,California,7,Butte,39.76168,-121.84047
1/31/2020,AQS,60070008,3,15.4,ug/m3 LC,58,Chico-East Avenue,1,100,88101,PM2.5 - Local Conditions,17020,"Chico, CA",6,California,7,Butte,39.76168,-121.84047
2/1/2020,AQS,60070008,3,15.7,ug/m3 LC,59,Chico-East Avenue,1,100,88101,PM2.5 - Local Conditions,17020,"Chico, CA",6,California,7,Butte,39.76168,-121.84047
2/2/2020,AQS,60070008,3,7.1,ug/m3 LC,30,Chico-East Avenue,1,100,88101,PM2.5 - Local Conditions,17020,"Chico, CA",6,California,7,Butte,39.76168,-121.84047
2/3/2020,AQS,60070008,3,2.1,ug/m3 LC,9,Chico-East Avenue,1,100,88101,PM2.5 - Local Conditions,17020,"Chico, CA",6,California,7,Butte,39.76168,-121.84047
2/4/2020,AQS,60070008,3,5.3,ug/m3 LC,22,Chico-East Avenue,1,100,88101,PM2.5 - Local Conditions,17020,"Chico, CA",6,California,7,Butte,39.76168,-121.84047
2/5/2020,AQS,60070008,3,17.5,ug/m3 LC,62,Chico-East Avenue,1,100,88101,PM2.5 - Local Conditions,17020,"Chico, CA",6,California,7,Butte,39.76168,-121.84047
2/6/2020,AQS,60070008,3,22.7,ug/m3 LC,73,Chico-East Avenue,1,100,88101,PM2.5 - Local Conditions,17020,"Chico, CA",6,California,7,Butte,39.76168,-121.84047
2/7/2020,AQS,60070008,3,19.8,ug/m3 LC,67,Chico-East Avenue,1,100,88101,PM2.5 - Local Conditions,17020,"Chico, CA",6,California,7,Butte,39.76168,-121.84047
2/8/2020,AQS,60070008,3,9.1,ug/m3 LC,38,Chico-East Avenue,1,100,88101,PM2.5 - Local Conditions,17020,"Chico, CA",6,California,7,Butte,39.76168,-121.84047
2/9/2020,AQS,60070008,3,1.5,ug/m3 LC,6,Chico-East Avenue,1,100,88101,PM2.5 - Local Conditions,17020,"Chico, CA",6,California,7,Butte,39.76168,-121.84047
2/10/2020,AQS,60070008,3,6,ug/m3 LC,25,Chico-East Avenue,1,100,88101,PM2.5 - Local Conditions,17020,"Chico, CA",6,California,7,Butte,39.76168,-121.84047
2/11/2020,AQS,60070008,3,5.2,ug/m3 LC,22,Chico-East Avenue,1,100,88101,PM2.5 - Local Conditions,17020,"Chico, CA",6,California,7,Butte,39.76168,-121.84047
2/12/2020,AQS,60070008,3,8.5,ug/m3 LC,35,Chico-East Avenue,1,100,88101,PM2.5 - Local Conditions,17020,"Chico, CA",6,California,7,Butte,39.76168,-121.84047
2/13/2020,AQS,60070008,3,11.8,ug/m3 LC,49,Chico-East Avenue,1,100,88101,PM2.5 - Local Conditions,17020,"Chico, CA",6,California,7,Butte,39.76168,-121.84047
2/14/2020,AQS,60070008,3,16.1,ug/m3 LC,59,Chico-East Avenue,1,100,88101,PM2.5 - Local Conditions,17020,"Chico, CA",6,California,7,Butte,39.76168,-121.84047
2/15/2020,AQS,60070008,3,16.7,ug/m3 LC,61,Chico-East Avenue,1,100,88101,PM2.5 - Local Conditions,17020,"Chico, CA",6,California,7,Butte,39.76168,-121.84047
2/16/2020,AQS,60070008,3,12.3,ug/m3 LC,51,Chico-East Avenue,1,100,88101,PM2.5 - Local Conditions,17020,"Chico, CA",6,California,7,Butte,39.76168,-121.84047
2/17/2020,AQS,60070008,3,4.4,ug/m3 LC,18,Chico-East Avenue,1,100,88101,PM2.5 - Local Conditions,17020,"Chico, CA",6,California,7,Butte,39.76168,-121.84047
2/18/2020,AQS,60070008,3,5.1,ug/m3 LC,21,Chico-East Avenue,1,100,88101,PM2.5 - Local Conditions,17020,"Chico, CA",6,California,7,Butte,39.76168,-121.84047
2/19/2020,AQS,60070008,3,12.3,ug/m3 LC,51,Chico-East Avenue,1,100,88101,PM2.5 - Local Conditions,17020,"Chico, CA",6,California,7,Butte,39.76168,-121.84047
2/20/2020,AQS,60070008,3,14.3,ug/m3 LC,56,Chico-East Avenue,1,100,88101,PM2.5 - Local Conditions,17020,"Chico, CA",6,California,7,Butte,39.76168,-121.84047
2/21/2020,AQS,60070008,3,12.1,ug/m3 LC,51,Chico-East Avenue,1,100,88101,PM2.5 - Local Conditions,17020,"Chico, CA",6,California,7,Butte,39.76168,-121.84047
2/22/2020,AQS,60070008,3,9.9,ug/m3 LC,41,Chico-East Avenue,1,100,88101,PM2.5 - Local Conditions,17020,"Chico, CA",6,California,7,Butte,39.76168,-121.84047
2/23/2020,AQS,60070008,3,10.7,ug/m3 LC,45,Chico-East Avenue,1,100,88101,PM2.5 - Local Conditions,17020,"Chico, CA",6,California,7,Butte,39.76168,-121.84047
2/24/2020,AQS,60070008,3,5.5,ug/m3 LC,23,Chico-East Avenue,1,100,88101,PM2.5 - Local Conditions,17020,"Chico, CA",6,California,7,Butte,39.76168,-121.84047
2/25/2020,AQS,60070008,3,2.5,ug/m3 LC,10,Chico-East Avenue,1,100,88101,PM2.5 - Local Conditions,17020,"Chico, CA",6,California,7,Butte,39.76168,-121.84047
2/26/2020,AQS,60070008,3,7.2,ug/m3 LC,30,Chico-East Avenue,1,100,88101,PM2.5 - Local Conditions,17020,"Chico, CA",6,California,7,Butte,39.76168,-121.84047
2/27/2020,AQS,60070008,3,9.4,ug/m3 LC,39,Chico-East Avenue,1,100,88101,PM2.5 - Local Conditions,17020,"Chico, CA",6,California,7,Butte,39.76168,-121.84047
2/28/2020,AQS,60070008,3,11.1,ug/m3 LC,46,Chico-East Avenue,1,100,88101,PM2.5 - Local Conditions,17020,"Chico, CA",6,California,7,Butte,39.76168,-121.84047
2/29/2020,AQS,60070008,3,8.3,ug/m3 LC,35,Chico-East Avenue,1,100,88101,PM2.5 - Local Conditions,17020,"Chico, CA",6,California,7,Butte,39.76168,-121.84047
3/1/2020,AQS,60070008,3,2.2,ug/m3 LC,9,Chico-East Avenue,1,100,88101,PM2.5 - Local Conditions,17020,"Chico, CA",6,California,7,Butte,39.76168,-121.84047
3/2/2020,AQS,60070008,3,2,ug/m3 LC,8,Chico-East Avenue,1,100,88101,PM2.5 - Local Conditions,17020,"Chico, CA",6,California,7,Butte,39.76168,-121.84047
3/3/2020,AQS,60070008,3,2.9,ug/m3 LC,12,Chico-East Avenue,1,100,88101,PM2.5 - Local Conditions,17020,"Chico, CA",6,California,7,Butte,39.76168,-121.84047
3/4/2020,AQS,60070008,3,10,ug/m3 LC,42,Chico-East Avenue,1,100,88101,PM2.5 - Local Conditions,17020,"Chico, CA",6,California,7,Butte,39.76168,-121.84047
3/5/2020,AQS,60070008,3,13.2,ug/m3 LC,53,Chico-East Avenue,1,100,88101,PM2.5 - Local Conditions,17020,"Chico, CA",6,California,7,Butte,39.76168,-121.84047
3/6/2020,AQS,60070008,3,8.2,ug/m3 LC,34,Chico-East Avenue,1,100,88101,PM2.5 - Local Conditions,17020,"Chico, CA",6,California,7,Butte,39.76168,-121.84047
3/7/2020,AQS,60070008,3,2.9,ug/m3 LC,12,Chico-East Avenue,1,100,88101,PM2.5 - Local Conditions,17020,"Chico, CA",6,California,7,Butte,39.76168,-121.84047
3/8/2020,AQS,60070008,3,3.1,ug/m3 LC,13,Chico-East Avenue,1,100,88101,PM2.5 - Local Conditions,17020,"Chico, CA",6,California,7,Butte,39.76168,-121.84047
3/9/2020,AQS,60070008,3,3.9,ug/m3 LC,16,Chico-East Avenue,1,100,88101,PM2.5 - Local Conditions,17020,"Chico, CA",6,California,7,Butte,39.76168,-121.84047
3/10/2020,AQS,60070008,3,3.4,ug/m3 LC,14,Chico-East Avenue,1,100,88101,PM2.5 - Local Conditions,17020,"Chico, CA",6,California,7,Butte,39.76168,-121.84047
3/11/2020,AQS,60070008,3,5,ug/m3 LC,21,Chico-East Avenue,1,100,88101,PM2.5 - Local Conditions,17020,"Chico, CA",6,California,7,Butte,39.76168,-121.84047
3/12/2020,AQS,60070008,3,4.7,ug/m3 LC,20,Chico-East Avenue,1,100,88101,PM2.5 - Local Conditions,17020,"Chico, CA",6,California,7,Butte,39.76168,-121.84047
3/13/2020,AQS,60070008,3,9,ug/m3 LC,38,Chico-East Avenue,1,100,88101,PM2.5 - Local Conditions,17020,"Chico, CA",6,California,7,Butte,39.76168,-121.84047
3/14/2020,AQS,60070008,3,3.7,ug/m3 LC,15,Chico-East Avenue,1,100,88101,PM2.5 - Local Conditions,17020,"Chico, CA",6,California,7,Butte,39.76168,-121.84047
3/15/2020,AQS,60070008,3,2.6,ug/m3 LC,11,Chico-East Avenue,1,100,88101,PM2.5 - Local Conditions,17020,"Chico, CA",6,California,7,Butte,39.76168,-121.84047
3/16/2020,AQS,60070008,3,4.2,ug/m3 LC,18,Chico-East Avenue,1,100,88101,PM2.5 - Local Conditions,17020,"Chico, CA",6,California,7,Butte,39.76168,-121.84047
3/17/2020,AirNow,60070008,3,2.6,ug/m3 LC,11,Chico-East Avenue,1,100,88101,PM2.5 - Local Conditions,17020,"Chico, CA",6,California,7,Butte,39.76168,-121.84047
3/18/2020,AQS,60070008,3,2.9,ug/m3 LC,12,Chico-East Avenue,1,100,88101,PM2.5 - Local Conditions,17020,"Chico, CA",6,California,7,Butte,39.76168,-121.84047
3/19/2020,AQS,60070008,3,4.9,ug/m3 LC,20,Chico-East Avenue,1,100,88101,PM2.5 - Local Conditions,17020,"Chico, CA",6,California,7,Butte,39.76168,-121.84047
3/20/2020,AQS,60070008,3,3.7,ug/m3 LC,15,Chico-East Avenue,1,100,88101,PM2.5 - Local Conditions,17020,"Chico, CA",6,California,7,Butte,39.76168,-121.84047
3/21/2020,AQS,60070008,3,5.8,ug/m3 LC,24,Chico-East Avenue,1,100,88101,PM2.5 - Local Conditions,17020,"Chico, CA",6,California,7,Butte,39.76168,-121.84047
3/22/2020,AQS,60070008,3,4.6,ug/m3 LC,19,Chico-East Avenue,1,100,88101,PM2.5 - Local Conditions,17020,"Chico, CA",6,California,7,Butte,39.76168,-121.84047
3/23/2020,AQS,60070008,3,5.3,ug/m3 LC,22,Chico-East Avenue,1,100,88101,PM2.5 - Local Conditions,17020,"Chico, CA",6,California,7,Butte,39.76168,-121.84047
3/24/2020,AQS,60070008,3,2.6,ug/m3 LC,11,Chico-East Avenue,1,100,88101,PM2.5 - Local Conditions,17020,"Chico, CA",6,California,7,Butte,39.76168,-121.84047
3/25/2020,AQS,60070008,3,1.5,ug/m3 LC,6,Chico-East Avenue,1,100,88101,PM2.5 - Local Conditions,17020,"Chico, CA",6,California,7,Butte,39.76168,-121.84047
3/26/2020,AQS,60070008,3,4.7,ug/m3 LC,20,Chico-East Avenue,1,100,88101,PM2.5 - Local Conditions,17020,"Chico, CA",6,California,7,Butte,39.76168,-121.84047
3/27/2020,AQS,60070008,3,4.5,ug/m3 LC,19,Chico-East Avenue,1,100,88101,PM2.5 - Local Conditions,17020,"Chico, CA",6,California,7,Butte,39.76168,-121.84047
3/28/2020,AQS,60070008,3,8.6,ug/m3 LC,36,Chico-East Avenue,1,100,88101,PM2.5 - Local Conditions,17020,"Chico, CA",6,California,7,Butte,39.76168,-121.84047
3/29/2020,AQS,60070008,3,5.5,ug/m3 LC,23,Chico-East Avenue,1,100,88101,PM2.5 - Local Conditions,17020,"Chico, CA",6,California,7,Butte,39.76168,-121.84047
3/30/2020,AQS,60070008,3,3.9,ug/m3 LC,16,Chico-East Avenue,1,100,88101,PM2.5 - Local Conditions,17020,"Chico, CA",6,California,7,Butte,39.76168,-121.84047
3/31/2020,AQS,60070008,3,1.7,ug/m3 LC,7,Chico-East Avenue,1,100,88101,PM2.5 - Local Conditions,17020,"Chico, CA",6,California,7,Butte,39.76168,-121.84047
4/1/2020,AQS,60070008,3,1.2,ug/m3 LC,5,Chico-East Avenue,1,100,88101,PM2.5 - Local Conditions,17020,"Chico, CA",6,California,7,Butte,39.76168,-121.84047
4/2/2020,AQS,60070008,3,1.2,ug/m3 LC,5,Chico-East Avenue,1,100,88101,PM2.5 - Local Conditions,17020,"Chico, CA",6,California,7,Butte,39.76168,-121.84047
4/3/2020,AQS,60070008,3,2.7,ug/m3 LC,11,Chico-East Avenue,1,100,88101,PM2.5 - Local Conditions,17020,"Chico, CA",6,California,7,Butte,39.76168,-121.84047
4/4/2020,AQS,60070008,3,3.5,ug/m3 LC,15,Chico-East Avenue,1,100,88101,PM2.5 - Local Conditions,17020,"Chico, CA",6,California,7,Butte,39.76168,-121.84047
4/5/2020,AQS,60070008,3,2.6,ug/m3 LC,11,Chico-East Avenue,1,100,88101,PM2.5 - Local Conditions,17020,"Chico, CA",6,California,7,Butte,39.76168,-121.84047
4/6/2020,AQS,60070008,3,3.6,ug/m3 LC,15,Chico-East Avenue,1,100,88101,PM2.5 - Local Conditions,17020,"Chico, CA",6,California,7,Butte,39.76168,-121.84047
4/7/2020,AQS,60070008,3,3.7,ug/m3 LC,15,Chico-East Avenue,1,100,88101,PM2.5 - Local Conditions,17020,"Chico, CA",6,California,7,Butte,39.76168,-121.84047
4/8/2020,AQS,60070008,3,4,ug/m3 LC,17,Chico-East Avenue,1,100,88101,PM2.5 - Local Conditions,17020,"Chico, CA",6,California,7,Butte,39.76168,-121.84047
4/9/2020,AQS,60070008,3,5,ug/m3 LC,21,Chico-East Avenue,1,100,88101,PM2.5 - Local Conditions,17020,"Chico, CA",6,California,7,Butte,39.76168,-121.84047
4/10/2020,AQS,60070008,3,3.4,ug/m3 LC,14,Chico-East Avenue,1,100,88101,PM2.5 - Local Conditions,17020,"Chico, CA",6,California,7,Butte,39.76168,-121.84047
4/11/2020,AQS,60070008,3,7.1,ug/m3 LC,30,Chico-East Avenue,1,100,88101,PM2.5 - Local Conditions,17020,"Chico, CA",6,California,7,Butte,39.76168,-121.84047
4/12/2020,AQS,60070008,3,4.4,ug/m3 LC,18,Chico-East Avenue,1,100,88101,PM2.5 - Local Conditions,17020,"Chico, CA",6,California,7,Butte,39.76168,-121.84047
4/13/2020,AQS,60070008,3,3.3,ug/m3 LC,14,Chico-East Avenue,1,100,88101,PM2.5 - Local Conditions,17020,"Chico, CA",6,California,7,Butte,39.76168,-121.84047
4/14/2020,AQS,60070008,3,2.7,ug/m3 LC,11,Chico-East Avenue,1,100,88101,PM2.5 - Local Conditions,17020,"Chico, CA",6,California,7,Butte,39.76168,-121.84047
4/15/2020,AQS,60070008,3,4.6,ug/m3 LC,19,Chico-East Avenue,1,100,88101,PM2.5 - Local Conditions,17020,"Chico, CA",6,California,7,Butte,39.76168,-121.84047
4/16/2020,AQS,60070008,3,4.7,ug/m3 LC,20,Chico-East Avenue,1,100,88101,PM2.5 - Local Conditions,17020,"Chico, CA",6,California,7,Butte,39.76168,-121.84047
4/17/2020,AQS,60070008,3,5.7,ug/m3 LC,24,Chico-East Avenue,1,100,88101,PM2.5 - Local Conditions,17020,"Chico, CA",6,California,7,Butte,39.76168,-121.84047
4/18/2020,AQS,60070008,3,6.1,ug/m3 LC,25,Chico-East Avenue,1,100,88101,PM2.5 - Local Conditions,17020,"Chico, CA",6,California,7,Butte,39.76168,-121.84047
4/19/2020,AQS,60070008,3,4.8,ug/m3 LC,20,Chico-East Avenue,1,100,88101,PM2.5 - Local Conditions,17020,"Chico, CA",6,California,7,Butte,39.76168,-121.84047
4/20/2020,AQS,60070008,3,6.5,ug/m3 LC,27,Chico-East Avenue,1,100,88101,PM2.5 - Local Conditions,17020,"Chico, CA",6,California,7,Butte,39.76168,-121.84047
4/21/2020,AQS,60070008,3,6.3,ug/m3 LC,26,Chico-East Avenue,1,100,88101,PM2.5 - Local Conditions,17020,"Chico, CA",6,California,7,Butte,39.76168,-121.84047
4/22/2020,AQS,60070008,3,5.4,ug/m3 LC,23,Chico-East Avenue,1,100,88101,PM2.5 - Local Conditions,17020,"Chico, CA",6,California,7,Butte,39.76168,-121.84047
4/23/2020,AQS,60070008,3,2.9,ug/m3 LC,12,Chico-East Avenue,1,100,88101,PM2.5 - Local Conditions,17020,"Chico, CA",6,California,7,Butte,39.76168,-121.84047
4/24/2020,AQS,60070008,3,2.7,ug/m3 LC,11,Chico-East Avenue,1,100,88101,PM2.5 - Local Conditions,17020,"Chico, CA",6,California,7,Butte,39.76168,-121.84047
4/25/2020,AQS,60070008,3,4.2,ug/m3 LC,18,Chico-East Avenue,1,100,88101,PM2.5 - Local Conditions,17020,"Chico, CA",6,California,7,Butte,39.76168,-121.84047
4/26/2020,AQS,60070008,3,6.2,ug/m3 LC,26,Chico-East Avenue,1,100,88101,PM2.5 - Local Conditions,17020,"Chico, CA",6,California,7,Butte,39.76168,-121.84047
4/27/2020,AQS,60070008,3,3.5,ug/m3 LC,15,Chico-East Avenue,1,100,88101,PM2.5 - Local Conditions,17020,"Chico, CA",6,California,7,Butte,39.76168,-121.84047
4/28/2020,AQS,60070008,3,2.2,ug/m3 LC,9,Chico-East Avenue,1,100,88101,PM2.5 - Local Conditions,17020,"Chico, CA",6,California,7,Butte,39.76168,-121.84047
4/29/2020,AQS,60070008,3,5.9,ug/m3 LC,25,Chico-East Avenue,1,100,88101,PM2.5 - Local Conditions,17020,"Chico, CA",6,California,7,Butte,39.76168,-121.84047
4/30/2020,AQS,60070008,3,3.9,ug/m3 LC,16,Chico-East Avenue,1,100,88101,PM2.5 - Local Conditions,17020,"Chico, CA",6,California,7,Butte,39.76168,-121.84047
5/1/2020,AQS,60070008,3,5.5,ug/m3 LC,23,Chico-East Avenue,1,100,88101,PM2.5 - Local Conditions,17020,"Chico, CA",6,California,7,Butte,39.76168,-121.84047
5/2/2020,AQS,60070008,3,2.6,ug/m3 LC,11,Chico-East Avenue,1,100,88101,PM2.5 - Local Conditions,17020,"Chico, CA",6,California,7,Butte,39.76168,-121.84047
5/3/2020,AQS,60070008,3,1.7,ug/m3 LC,7,Chico-East Avenue,1,100,88101,PM2.5 - Local Conditions,17020,"Chico, CA",6,California,7,Butte,39.76168,-121.84047
5/8/2020,AQS,60070008,3,5.6,ug/m3 LC,23,Chico-East Avenue,1,100,88101,PM2.5 - Local Conditions,17020,"Chico, CA",6,California,7,Butte,39.76168,-121.84047
5/9/2020,AQS,60070008,3,7.5,ug/m3 LC,31,Chico-East Avenue,1,100,88101,PM2.5 - Local Conditions,17020,"Chico, CA",6,California,7,Butte,39.76168,-121.84047
5/10/2020,AQS,60070008,3,8.2,ug/m3 LC,34,Chico-East Avenue,1,100,88101,PM2.5 - Local Conditions,17020,"Chico, CA",6,California,7,Butte,39.76168,-121.84047
5/11/2020,AQS,60070008,3,5,ug/m3 LC,21,Chico-East Avenue,1,100,88101,PM2.5 - Local Conditions,17020,"Chico, CA",6,California,7,Butte,39.76168,-121.84047
5/12/2020,AQS,60070008,3,2,ug/m3 LC,8,Chico-East Avenue,1,100,88101,PM2.5 - Local Conditions,17020,"Chico, CA",6,California,7,Butte,39.76168,-121.84047
5/13/2020,AQS,60070008,3,3.5,ug/m3 LC,15,Chico-East Avenue,1,100,88101,PM2.5 - Local Conditions,17020,"Chico, CA",6,California,7,Butte,39.76168,-121.84047
5/14/2020,AQS,60070008,3,4.6,ug/m3 LC,19,Chico-East Avenue,1,100,88101,PM2.5 - Local Conditions,17020,"Chico, CA",6,California,7,Butte,39.76168,-121.84047
5/15/2020,AQS,60070008,3,3.4,ug/m3 LC,14,Chico-East Avenue,1,100,88101,PM2.5 - Local Conditions,17020,"Chico, CA",6,California,7,Butte,39.76168,-121.84047
5/16/2020,AQS,60070008,3,3.3,ug/m3 LC,14,Chico-East Avenue,1,100,88101,PM2.5 - Local Conditions,17020,"Chico, CA",6,California,7,Butte,39.76168,-121.84047
5/17/2020,AQS,60070008,3,2.9,ug/m3 LC,12,Chico-East Avenue,1,100,88101,PM2.5 - Local Conditions,17020,"Chico, CA",6,California,7,Butte,39.76168,-121.84047
5/18/2020,AQS,60070008,3,2.1,ug/m3 LC,9,Chico-East Avenue,1,100,88101,PM2.5 - Local Conditions,17020,"Chico, CA",6,California,7,Butte,39.76168,-121.84047
5/19/2020,AQS,60070008,3,1.8,ug/m3 LC,8,Chico-East Avenue,1,100,88101,PM2.5 - Local Conditions,17020,"Chico, CA",6,California,7,Butte,39.76168,-121.84047
5/20/2020,AQS,60070008,3,3.6,ug/m3 LC,15,Chico-East Avenue,1,100,88101,PM2.5 - Local Conditions,17020,"Chico, CA",6,California,7,Butte,39.76168,-121.84047
5/21/2020,AQS,60070008,3,2.9,ug/m3 LC,12,Chico-East Avenue,1,100,88101,PM2.5 - Local Conditions,17020,"Chico, CA",6,California,7,Butte,39.76168,-121.84047
5/22/2020,AQS,60070008,3,1.2,ug/m3 LC,5,Chico-East Avenue,1,100,88101,PM2.5 - Local Conditions,17020,"Chico, CA",6,California,7,Butte,39.76168,-121.84047
5/23/2020,AQS,60070008,3,2.5,ug/m3 LC,10,Chico-East Avenue,1,100,88101,PM2.5 - Local Conditions,17020,"Chico, CA",6,California,7,Butte,39.76168,-121.84047
5/24/2020,AQS,60070008,3,3.4,ug/m3 LC,14,Chico-East Avenue,1,100,88101,PM2.5 - Local Conditions,17020,"Chico, CA",6,California,7,Butte,39.76168,-121.84047
5/25/2020,AQS,60070008,3,4.7,ug/m3 LC,20,Chico-East Avenue,1,100,88101,PM2.5 - Local Conditions,17020,"Chico, CA",6,California,7,Butte,39.76168,-121.84047
5/26/2020,AQS,60070008,3,5.7,ug/m3 LC,24,Chico-East Avenue,1,100,88101,PM2.5 - Local Conditions,17020,"Chico, CA",6,California,7,Butte,39.76168,-121.84047
5/27/2020,AQS,60070008,3,6.1,ug/m3 LC,25,Chico-East Avenue,1,100,88101,PM2.5 - Local Conditions,17020,"Chico, CA",6,California,7,Butte,39.76168,-121.84047
5/28/2020,AQS,60070008,3,5.8,ug/m3 LC,24,Chico-East Avenue,1,100,88101,PM2.5 - Local Conditions,17020,"Chico, CA",6,California,7,Butte,39.76168,-121.84047
5/29/2020,AQS,60070008,3,6.6,ug/m3 LC,28,Chico-East Avenue,1,100,88101,PM2.5 - Local Conditions,17020,"Chico, CA",6,California,7,Butte,39.76168,-121.84047
5/30/2020,AQS,60070008,3,3.2,ug/m3 LC,13,Chico-East Avenue,1,100,88101,PM2.5 - Local Conditions,17020,"Chico, CA",6,California,7,Butte,39.76168,-121.84047
5/31/2020,AQS,60070008,3,4,ug/m3 LC,17,Chico-East Avenue,1,100,88101,PM2.5 - Local Conditions,17020,"Chico, CA",6,California,7,Butte,39.76168,-121.84047
6/1/2020,AQS,60070008,3,5.1,ug/m3 LC,21,Chico-East Avenue,1,100,88101,PM2.5 - Local Conditions,17020,"Chico, CA",6,California,7,Butte,39.76168,-121.84047
6/2/2020,AQS,60070008,3,5.2,ug/m3 LC,22,Chico-East Avenue,1,100,88101,PM2.5 - Local Conditions,17020,"Chico, CA",6,California,7,Butte,39.76168,-121.84047
6/3/2020,AQS,60070008,3,5.3,ug/m3 LC,22,Chico-East Avenue,1,100,88101,PM2.5 - Local Conditions,17020,"Chico, CA",6,California,7,Butte,39.76168,-121.84047
6/4/2020,AQS,60070008,3,5.9,ug/m3 LC,25,Chico-East Avenue,1,100,88101,PM2.5 - Local Conditions,17020,"Chico, CA",6,California,7,Butte,39.76168,-121.84047
6/5/2020,AQS,60070008,3,11,ug/m3 LC,46,Chico-East Avenue,1,100,88101,PM2.5 - Local Conditions,17020,"Chico, CA",6,California,7,Butte,39.76168,-121.84047
6/6/2020,AQS,60070008,3,4,ug/m3 LC,17,Chico-East Avenue,1,100,88101,PM2.5 - Local Conditions,17020,"Chico, CA",6,California,7,Butte,39.76168,-121.84047
6/7/2020,AQS,60070008,3,2,ug/m3 LC,8,Chico-East Avenue,1,100,88101,PM2.5 - Local Conditions,17020,"Chico, CA",6,California,7,Butte,39.76168,-121.84047
6/8/2020,AQS,60070008,3,1.2,ug/m3 LC,5,Chico-East Avenue,1,100,88101,PM2.5 - Local Conditions,17020,"Chico, CA",6,California,7,Butte,39.76168,-121.84047
6/9/2020,AQS,60070008,3,3,ug/m3 LC,13,Chico-East Avenue,1,100,88101,PM2.5 - Local Conditions,17020,"Chico, CA",6,California,7,Butte,39.76168,-121.84047
6/10/2020,AQS,60070008,3,3.7,ug/m3 LC,15,Chico-East Avenue,1,100,88101,PM2.5 - Local Conditions,17020,"Chico, CA",6,California,7,Butte,39.76168,-121.84047
6/11/2020,AQS,60070008,3,4,ug/m3 LC,17,Chico-East Avenue,1,100,88101,PM2.5 - Local Conditions,17020,"Chico, CA",6,California,7,Butte,39.76168,-121.84047
6/12/2020,AQS,60070008,3,3.4,ug/m3 LC,14,Chico-East Avenue,1,100,88101,PM2.5 - Local Conditions,17020,"Chico, CA",6,California,7,Butte,39.76168,-121.84047
6/13/2020,AQS,60070008,3,3.7,ug/m3 LC,15,Chico-East Avenue,1,100,88101,PM2.5 - Local Conditions,17020,"Chico, CA",6,California,7,Butte,39.76168,-121.84047
6/14/2020,AQS,60070008,3,2.4,ug/m3 LC,10,Chico-East Avenue,1,100,88101,PM2.5 - Local Conditions,17020,"Chico, CA",6,California,7,Butte,39.76168,-121.84047
6/15/2020,AQS,60070008,3,3.1,ug/m3 LC,13,Chico-East Avenue,1,100,88101,PM2.5 - Local Conditions,17020,"Chico, CA",6,California,7,Butte,39.76168,-121.84047
6/16/2020,AQS,60070008,3,1.5,ug/m3 LC,6,Chico-East Avenue,1,100,88101,PM2.5 - Local Conditions,17020,"Chico, CA",6,California,7,Butte,39.76168,-121.84047
6/17/2020,AQS,60070008,3,3.3,ug/m3 LC,14,Chico-East Avenue,1,100,88101,PM2.5 - Local Conditions,17020,"Chico, CA",6,California,7,Butte,39.76168,-121.84047
6/18/2020,AQS,60070008,3,2.5,ug/m3 LC,10,Chico-East Avenue,1,100,88101,PM2.5 - Local Conditions,17020,"Chico, CA",6,California,7,Butte,39.76168,-121.84047
6/19/2020,AQS,60070008,3,4.7,ug/m3 LC,20,Chico-East Avenue,1,100,88101,PM2.5 - Local Conditions,17020,"Chico, CA",6,California,7,Butte,39.76168,-121.84047
6/20/2020,AQS,60070008,3,9.1,ug/m3 LC,38,Chico-East Avenue,1,100,88101,PM2.5 - Local Conditions,17020,"Chico, CA",6,California,7,Butte,39.76168,-121.84047
6/21/2020,AQS,60070008,3,6.9,ug/m3 LC,29,Chico-East Avenue,1,100,88101,PM2.5 - Local Conditions,17020,"Chico, CA",6,California,7,Butte,39.76168,-121.84047
6/22/2020,AQS,60070008,3,8.8,ug/m3 LC,37,Chico-East Avenue,1,100,88101,PM2.5 - Local Conditions,17020,"Chico, CA",6,California,7,Butte,39.76168,-121.84047
6/23/2020,AQS,60070008,3,11.8,ug/m3 LC,49,Chico-East Avenue,1,100,88101,PM2.5 - Local Conditions,17020,"Chico, CA",6,California,7,Butte,39.76168,-121.84047
6/24/2020,AQS,60070008,3,9.3,ug/m3 LC,39,Chico-East Avenue,1,100,88101,PM2.5 - Local Conditions,17020,"Chico, CA",6,California,7,Butte,39.76168,-121.84047
6/25/2020,AQS,60070008,3,11.2,ug/m3 LC,47,Chico-East Avenue,1,100,88101,PM2.5 - Local Conditions,17020,"Chico, CA",6,California,7,Butte,39.76168,-121.84047
6/26/2020,AQS,60070008,3,12.9,ug/m3 LC,53,Chico-East Avenue,1,100,88101,PM2.5 - Local Conditions,17020,"Chico, CA",6,California,7,Butte,39.76168,-121.84047
6/27/2020,AQS,60070008,3,8.9,ug/m3 LC,37,Chico-East Avenue,1,100,88101,PM2.5 - Local Conditions,17020,"Chico, CA",6,California,7,Butte,39.76168,-121.84047
6/28/2020,AQS,60070008,3,8,ug/m3 LC,33,Chico-East Avenue,1,100,88101,PM2.5 - Local Conditions,17020,"Chico, CA",6,California,7,Butte,39.76168,-121.84047
6/29/2020,AQS,60070008,3,2,ug/m3 LC,8,Chico-East Avenue,1,100,88101,PM2.5 - Local Conditions,17020,"Chico, CA",6,California,7,Butte,39.76168,-121.84047
6/30/2020,AQS,60070008,3,4.2,ug/m3 LC,18,Chico-East Avenue,1,100,88101,PM2.5 - Local Conditions,17020,"Chico, CA",6,California,7,Butte,39.76168,-121.84047
7/1/2020,AQS,60070008,3,7.1,ug/m3 LC,30,Chico-East Avenue,1,100,88101,PM2.5 - Local Conditions,17020,"Chico, CA",6,California,7,Butte,39.76168,-121.84047
7/2/2020,AQS,60070008,3,9.2,ug/m3 LC,38,Chico-East Avenue,1,100,88101,PM2.5 - Local Conditions,17020,"Chico, CA",6,California,7,Butte,39.76168,-121.84047
7/3/2020,AQS,60070008,3,8.6,ug/m3 LC,36,Chico-East Avenue,1,100,88101,PM2.5 - Local Conditions,17020,"Chico, CA",6,California,7,Butte,39.76168,-121.84047
7/4/2020,AQS,60070008,3,12.3,ug/m3 LC,51,Chico-East Avenue,1,100,88101,PM2.5 - Local Conditions,17020,"Chico, CA",6,California,7,Butte,39.76168,-121.84047
7/5/2020,AQS,60070008,3,7,ug/m3 LC,29,Chico-East Avenue,1,100,88101,PM2.5 - Local Conditions,17020,"Chico, CA",6,California,7,Butte,39.76168,-121.84047
7/6/2020,AQS,60070008,3,8.7,ug/m3 LC,36,Chico-East Avenue,1,100,88101,PM2.5 - Local Conditions,17020,"Chico, CA",6,California,7,Butte,39.76168,-121.84047
7/7/2020,AQS,60070008,3,7,ug/m3 LC,29,Chico-East Avenue,1,100,88101,PM2.5 - Local Conditions,17020,"Chico, CA",6,California,7,Butte,39.76168,-121.84047
7/8/2020,AQS,60070008,3,6.2,ug/m3 LC,26,Chico-East Avenue,1,100,88101,PM2.5 - Local Conditions,17020,"Chico, CA",6,California,7,Butte,39.76168,-121.84047
7/9/2020,AQS,60070008,3,7,ug/m3 LC,29,Chico-East Avenue,1,100,88101,PM2.5 - Local Conditions,17020,"Chico, CA",6,California,7,Butte,39.76168,-121.84047
7/10/2020,AQS,60070008,3,5.9,ug/m3 LC,25,Chico-East Avenue,1,100,88101,PM2.5 - Local Conditions,17020,"Chico, CA",6,California,7,Butte,39.76168,-121.84047
7/11/2020,AQS,60070008,3,4.4,ug/m3 LC,18,Chico-East Avenue,1,100,88101,PM2.5 - Local Conditions,17020,"Chico, CA",6,California,7,Butte,39.76168,-121.84047
7/12/2020,AQS,60070008,3,5.1,ug/m3 LC,21,Chico-East Avenue,1,100,88101,PM2.5 - Local Conditions,17020,"Chico, CA",6,California,7,Butte,39.76168,-121.84047
7/13/2020,AQS,60070008,3,7.1,ug/m3 LC,30,Chico-East Avenue,1,100,88101,PM2.5 - Local Conditions,17020,"Chico, CA",6,California,7,Butte,39.76168,-121.84047
7/14/2020,AQS,60070008,3,11.9,ug/m3 LC,50,Chico-East Avenue,1,100,88101,PM2.5 - Local Conditions,17020,"Chico, CA",6,California,7,Butte,39.76168,-121.84047
7/15/2020,AQS,60070008,3,13.3,ug/m3 LC,54,Chico-East Avenue,1,100,88101,PM2.5 - Local Conditions,17020,"Chico, CA",6,California,7,Butte,39.76168,-121.84047
7/16/2020,AQS,60070008,3,9.4,ug/m3 LC,39,Chico-East Avenue,1,100,88101,PM2.5 - Local Conditions,17020,"Chico, CA",6,California,7,Butte,39.76168,-121.84047
7/17/2020,AQS,60070008,3,6.8,ug/m3 LC,28,Chico-East Avenue,1,100,88101,PM2.5 - Local Conditions,17020,"Chico, CA",6,California,7,Butte,39.76168,-121.84047
7/18/2020,AQS,60070008,3,8.9,ug/m3 LC,37,Chico-East Avenue,1,100,88101,PM2.5 - Local Conditions,17020,"Chico, CA",6,California,7,Butte,39.76168,-121.84047
7/19/2020,AQS,60070008,3,11.6,ug/m3 LC,48,Chico-East Avenue,1,100,88101,PM2.5 - Local Conditions,17020,"Chico, CA",6,California,7,Butte,39.76168,-121.84047
7/20/2020,AQS,60070008,3,8,ug/m3 LC,33,Chico-East Avenue,1,100,88101,PM2.5 - Local Conditions,17020,"Chico, CA",6,California,7,Butte,39.76168,-121.84047
7/21/2020,AQS,60070008,3,8.5,ug/m3 LC,35,Chico-East Avenue,1,100,88101,PM2.5 - Local Conditions,17020,"Chico, CA",6,California,7,Butte,39.76168,-121.84047
7/22/2020,AQS,60070008,3,7.8,ug/m3 LC,33,Chico-East Avenue,1,100,88101,PM2.5 - Local Conditions,17020,"Chico, CA",6,California,7,Butte,39.76168,-121.84047
7/23/2020,AQS,60070008,3,6.7,ug/m3 LC,28,Chico-East Avenue,1,100,88101,PM2.5 - Local Conditions,17020,"Chico, CA",6,California,7,Butte,39.76168,-121.84047
7/24/2020,AQS,60070008,3,8.4,ug/m3 LC,35,Chico-East Avenue,1,100,88101,PM2.5 - Local Conditions,17020,"Chico, CA",6,California,7,Butte,39.76168,-121.84047
7/25/2020,AQS,60070008,3,8.5,ug/m3 LC,35,Chico-East Avenue,1,100,88101,PM2.5 - Local Conditions,17020,"Chico, CA",6,California,7,Butte,39.76168,-121.84047
7/26/2020,AQS,60070008,3,10.5,ug/m3 LC,44,Chico-East Avenue,1,100,88101,PM2.5 - Local Conditions,17020,"Chico, CA",6,California,7,Butte,39.76168,-121.84047
7/27/2020,AQS,60070008,3,8.4,ug/m3 LC,35,Chico-East Avenue,1,100,88101,PM2.5 - Local Conditions,17020,"Chico, CA",6,California,7,Butte,39.76168,-121.84047
7/28/2020,AQS,60070008,3,9.9,ug/m3 LC,41,Chico-East Avenue,1,100,88101,PM2.5 - Local Conditions,17020,"Chico, CA",6,California,7,Butte,39.76168,-121.84047
7/29/2020,AQS,60070008,3,8.3,ug/m3 LC,35,Chico-East Avenue,1,100,88101,PM2.5 - Local Conditions,17020,"Chico, CA",6,California,7,Butte,39.76168,-121.84047
8/1/2020,AQS,60070008,3,6.5,ug/m3 LC,27,Chico-East Avenue,1,100,88101,PM2.5 - Local Conditions,17020,"Chico, CA",6,California,7,Butte,39.76168,-121.84047
8/2/2020,AQS,60070008,3,7,ug/m3 LC,29,Chico-East Avenue,1,100,88101,PM2.5 - Local Conditions,17020,"Chico, CA",6,California,7,Butte,39.76168,-121.84047
8/3/2020,AQS,60070008,3,7.7,ug/m3 LC,32,Chico-East Avenue,1,100,88101,PM2.5 - Local Conditions,17020,"Chico, CA",6,California,7,Butte,39.76168,-121.84047
8/4/2020,AQS,60070008,3,6.9,ug/m3 LC,29,Chico-East Avenue,1,100,88101,PM2.5 - Local Conditions,17020,"Chico, CA",6,California,7,Butte,39.76168,-121.84047
8/5/2020,AQS,60070008,3,8,ug/m3 LC,33,Chico-East Avenue,1,100,88101,PM2.5 - Local Conditions,17020,"Chico, CA",6,California,7,Butte,39.76168,-121.84047
8/6/2020,AQS,60070008,3,8.2,ug/m3 LC,34,Chico-East Avenue,1,100,88101,PM2.5 - Local Conditions,17020,"Chico, CA",6,California,7,Butte,39.76168,-121.84047
8/7/2020,AQS,60070008,3,7.7,ug/m3 LC,32,Chico-East Avenue,1,100,88101,PM2.5 - Local Conditions,17020,"Chico, CA",6,California,7,Butte,39.76168,-121.84047
8/8/2020,AQS,60070008,3,8.8,ug/m3 LC,37,Chico-East Avenue,1,100,88101,PM2.5 - Local Conditions,17020,"Chico, CA",6,California,7,Butte,39.76168,-121.84047
8/9/2020,AQS,60070008,3,8.9,ug/m3 LC,37,Chico-East Avenue,1,100,88101,PM2.5 - Local Conditions,17020,"Chico, CA",6,California,7,Butte,39.76168,-121.84047
8/10/2020,AQS,60070008,3,10.5,ug/m3 LC,44,Chico-East Avenue,1,100,88101,PM2.5 - Local Conditions,17020,"Chico, CA",6,California,7,Butte,39.76168,-121.84047
8/11/2020,AQS,60070008,3,7.2,ug/m3 LC,30,Chico-East Avenue,1,100,88101,PM2.5 - Local Conditions,17020,"Chico, CA",6,California,7,Butte,39.76168,-121.84047
8/12/2020,AQS,60070008,3,8,ug/m3 LC,33,Chico-East Avenue,1,100,88101,PM2.5 - Local Conditions,17020,"Chico, CA",6,California,7,Butte,39.76168,-121.84047
8/13/2020,AQS,60070008,3,6.5,ug/m3 LC,27,Chico-East Avenue,1,100,88101,PM2.5 - Local Conditions,17020,"Chico, CA",6,California,7,Butte,39.76168,-121.84047
8/14/2020,AQS,60070008,3,5.3,ug/m3 LC,22,Chico-East Avenue,1,100,88101,PM2.5 - Local Conditions,17020,"Chico, CA",6,California,7,Butte,39.76168,-121.84047
8/15/2020,AQS,60070008,3,4.7,ug/m3 LC,20,Chico-East Avenue,1,100,88101,PM2.5 - Local Conditions,17020,"Chico, CA",6,California,7,Butte,39.76168,-121.84047
8/16/2020,AQS,60070008,3,5.7,ug/m3 LC,24,Chico-East Avenue,1,100,88101,PM2.5 - Local Conditions,17020,"Chico, CA",6,California,7,Butte,39.76168,-121.84047
8/17/2020,AQS,60070008,3,8.8,ug/m3 LC,37,Chico-East Avenue,1,100,88101,PM2.5 - Local Conditions,17020,"Chico, CA",6,California,7,Butte,39.76168,-121.84047
8/18/2020,AQS,60070008,3,25.6,ug/m3 LC,79,Chico-East Avenue,1,100,88101,PM2.5 - Local Conditions,17020,"Chico, CA",6,California,7,Butte,39.76168,-121.84047
8/19/2020,AQS,60070008,3,39.2,ug/m3 LC,110,Chico-East Avenue,1,100,88101,PM2.5 - Local Conditions,17020,"Chico, CA",6,California,7,Butte,39.76168,-121.84047
8/20/2020,AQS,60070008,3,81.8,ug/m3 LC,165,Chico-East Avenue,1,100,88101,PM2.5 - Local Conditions,17020,"Chico, CA",6,California,7,Butte,39.76168,-121.84047
8/21/2020,AQS,60070008,3,134.3,ug/m3 LC,192,Chico-East Avenue,1,100,88101,PM2.5 - Local Conditions,17020,"Chico, CA",6,California,7,Butte,39.76168,-121.84047
8/22/2020,AQS,60070008,3,118.5,ug/m3 LC,184,Chico-East Avenue,1,100,88101,PM2.5 - Local Conditions,17020,"Chico, CA",6,California,7,Butte,39.76168,-121.84047
8/23/2020,AQS,60070008,3,92.3,ug/m3 LC,170,Chico-East Avenue,1,100,88101,PM2.5 - Local Conditions,17020,"Chico, CA",6,California,7,Butte,39.76168,-121.84047
8/24/2020,AQS,60070008,3,77.1,ug/m3 LC,162,Chico-East Avenue,1,100,88101,PM2.5 - Local Conditions,17020,"Chico, CA",6,California,7,Butte,39.76168,-121.84047
8/25/2020,AQS,60070008,3,73.5,ug/m3 LC,160,Chico-East Avenue,1,100,88101,PM2.5 - Local Conditions,17020,"Chico, CA",6,California,7,Butte,39.76168,-121.84047
8/26/2020,AQS,60070008,3,44.7,ug/m3 LC,124,Chico-East Avenue,1,100,88101,PM2.5 - Local Conditions,17020,"Chico, CA",6,California,7,Butte,39.76168,-121.84047
8/27/2020,AQS,60070008,3,26.5,ug/m3 LC,81,Chico-East Avenue,1,100,88101,PM2.5 - Local Conditions,17020,"Chico, CA",6,California,7,Butte,39.76168,-121.84047
8/28/2020,AQS,60070008,3,40.6,ug/m3 LC,114,Chico-East Avenue,1,100,88101,PM2.5 - Local Conditions,17020,"Chico, CA",6,California,7,Butte,39.76168,-121.84047
8/29/2020,AQS,60070008,3,54.2,ug/m3 LC,147,Chico-East Avenue,1,100,88101,PM2.5 - Local Conditions,17020,"Chico, CA",6,California,7,Butte,39.76168,-121.84047
8/30/2020,AQS,60070008,3,35.5,ug/m3 LC,101,Chico-East Avenue,1,100,88101,PM2.5 - Local Conditions,17020,"Chico, CA",6,California,7,Butte,39.76168,-121.84047
8/31/2020,AQS,60070008,3,32.3,ug/m3 LC,93,Chico-East Avenue,1,100,88101,PM2.5 - Local Conditions,17020,"Chico, CA",6,California,7,Butte,39.76168,-121.84047
9/1/2020,AirNow,60070008,3,20,ug/m3 LC,68,Chico-East Avenue,1,100,88101,PM2.5 - Local Conditions,17020,"Chico, CA",6,California,7,Butte,39.76168,-121.84047
9/2/2020,AirNow,60070008,3,27.9,ug/m3 LC,84,Chico-East Avenue,1,100,88101,PM2.5 - Local Conditions,17020,"Chico, CA",6,California,7,Butte,39.76168,-121.84047
9/3/2020,AirNow,60070008,3,26.2,ug/m3 LC,81,Chico-East Avenue,1,100,88101,PM2.5 - Local Conditions,17020,"Chico, CA",6,California,7,Butte,39.76168,-121.84047
9/4/2020,AirNow,60070008,3,30.3,ug/m3 LC,89,Chico-East Avenue,1,100,88101,PM2.5 - Local Conditions,17020,"Chico, CA",6,California,7,Butte,39.76168,-121.84047
9/5/2020,AirNow,60070008,3,39.6,ug/m3 LC,111,Chico-East Avenue,1,100,88101,PM2.5 - Local Conditions,17020,"Chico, CA",6,California,7,Butte,39.76168,-121.84047
9/6/2020,AirNow,60070008,3,47.4,ug/m3 LC,130,Chico-East Avenue,1,100,88101,PM2.5 - Local Conditions,17020,"Chico, CA",6,California,7,Butte,39.76168,-121.84047
9/7/2020,AirNow,60070008,3,50.4,ug/m3 LC,138,Chico-East Avenue,1,100,88101,PM2.5 - Local Conditions,17020,"Chico, CA",6,California,7,Butte,39.76168,-121.84047
9/8/2020,AirNow,60070008,3,34.8,ug/m3 LC,99,Chico-East Avenue,1,100,88101,PM2.5 - Local Conditions,17020,"Chico, CA",6,California,7,Butte,39.76168,-121.84047
9/9/2020,AirNow,60070008,3,42.5,ug/m3 LC,118,Chico-East Avenue,1,100,88101,PM2.5 - Local Conditions,17020,"Chico, CA",6,California,7,Butte,39.76168,-121.84047
9/10/2020,AirNow,60070008,3,127.3,ug/m3 LC,188,Chico-East Avenue,1,100,88101,PM2.5 - Local Conditions,17020,"Chico, CA",6,California,7,Butte,39.76168,-121.84047
9/11/2020,AirNow,60070008,3,124.6,ug/m3 LC,187,Chico-East Avenue,1,100,88101,PM2.5 - Local Conditions,17020,"Chico, CA",6,California,7,Butte,39.76168,-121.84047
9/12/2020,AirNow,60070008,3,227.6,ug/m3 LC,277,Chico-East Avenue,1,100,88101,PM2.5 - Local Conditions,17020,"Chico, CA",6,California,7,Butte,39.76168,-121.84047
9/13/2020,AirNow,60070008,3,329.3,ug/m3 LC,379,Chico-East Avenue,1,100,88101,PM2.5 - Local Conditions,17020,"Chico, CA",6,California,7,Butte,39.76168,-121.84047
9/14/2020,AirNow,60070008,3,169.8,ug/m3 LC,220,Chico-East Avenue,1,100,88101,PM2.5 - Local Conditions,17020,"Chico, CA",6,California,7,Butte,39.76168,-121.84047
9/15/2020,AirNow,60070008,3,67.7,ug/m3 LC,157,Chico-East Avenue,1,100,88101,PM2.5 - Local Conditions,17020,"Chico, CA",6,California,7,Butte,39.76168,-121.84047
9/16/2020,AirNow,60070008,3,58,ug/m3 LC,152,Chico-East Avenue,1,100,88101,PM2.5 - Local Conditions,17020,"Chico, CA",6,California,7,Butte,39.76168,-121.84047
9/17/2020,AirNow,60070008,3,50.3,ug/m3 LC,137,Chico-East Avenue,1,100,88101,PM2.5 - Local Conditions,17020,"Chico, CA",6,California,7,Butte,39.76168,-121.84047
9/18/2020,AirNow,60070008,3,15,ug/m3 LC,57,Chico-East Avenue,1,100,88101,PM2.5 - Local Conditions,17020,"Chico, CA",6,California,7,Butte,39.76168,-121.84047
9/19/2020,AirNow,60070008,3,20,ug/m3 LC,68,Chico-East Avenue,1,100,88101,PM2.5 - Local Conditions,17020,"Chico, CA",6,California,7,Butte,39.76168,-121.84047
9/20/2020,AirNow,60070008,3,51.9,ug/m3 LC,141,Chico-East Avenue,1,100,88101,PM2.5 - Local Conditions,17020,"Chico, CA",6,California,7,Butte,39.76168,-121.84047
9/21/2020,AirNow,60070008,3,67.2,ug/m3 LC,157,Chico-East Avenue,1,100,88101,PM2.5 - Local Conditions,17020,"Chico, CA",6,California,7,Butte,39.76168,-121.84047
9/22/2020,AirNow,60070008,3,22.3,ug/m3 LC,72,Chico-East Avenue,1,100,88101,PM2.5 - Local Conditions,17020,"Chico, CA",6,California,7,Butte,39.76168,-121.84047
9/23/2020,AirNow,60070008,3,25.1,ug/m3 LC,78,Chico-East Avenue,1,100,88101,PM2.5 - Local Conditions,17020,"Chico, CA",6,California,7,Butte,39.76168,-121.84047
9/24/2020,AirNow,60070008,3,8.6,ug/m3 LC,36,Chico-East Avenue,1,100,88101,PM2.5 - Local Conditions,17020,"Chico, CA",6,California,7,Butte,39.76168,-121.84047
9/25/2020,AirNow,60070008,3,8.3,ug/m3 LC,35,Chico-East Avenue,1,100,88101,PM2.5 - Local Conditions,17020,"Chico, CA",6,California,7,Butte,39.76168,-121.84047
9/26/2020,AirNow,60070008,3,16.2,ug/m3 LC,60,Chico-East Avenue,1,100,88101,PM2.5 - Local Conditions,17020,"Chico, CA",6,California,7,Butte,39.76168,-121.84047
9/27/2020,AirNow,60070008,3,4.3,ug/m3 LC,18,Chico-East Avenue,1,100,88101,PM2.5 - Local Conditions,17020,"Chico, CA",6,California,7,Butte,39.76168,-121.84047
9/28/2020,AirNow,60070008,3,6.7,ug/m3 LC,28,Chico-East Avenue,1,100,88101,PM2.5 - Local Conditions,17020,"Chico, CA",6,California,7,Butte,39.76168,-121.84047
9/29/2020,AirNow,60070008,3,46.6,ug/m3 LC,128,Chico-East Avenue,1,100,88101,PM2.5 - Local Conditions,17020,"Chico, CA",6,California,7,Butte,39.76168,-121.84047
9/30/2020,AirNow,60070008,3,50.4,ug/m3 LC,138,Chico-East Avenue,1,100,88101,PM2.5 - Local Conditions,17020,"Chico, CA",6,California,7,Butte,39.76168,-121.84047
10/1/2020,AirNow,60070008,3,75.9,ug/m3 LC,162,Chico-East Avenue,1,100,88101,PM2.5 - Local Conditions,17020,"Chico, CA",6,California,7,Butte,39.76168,-121.84047
10/2/2020,AirNow,60070008,3,59.9,ug/m3 LC,153,Chico-East Avenue,1,100,88101,PM2.5 - Local Conditions,17020,"Chico, CA",6,California,7,Butte,39.76168,-121.84047
10/3/2020,AirNow,60070008,3,72,ug/m3 LC,160,Chico-East Avenue,1,100,88101,PM2.5 - Local Conditions,17020,"Chico, CA",6,California,7,Butte,39.76168,-121.84047
10/4/2020,AirNow,60070008,3,67.6,ug/m3 LC,157,Chico-East Avenue,1,100,88101,PM2.5 - Local Conditions,17020,"Chico, CA",6,California,7,Butte,39.76168,-121.84047
10/5/2020,AirNow,60070008,3,37.7,ug/m3 LC,106,Chico-East Avenue,1,100,88101,PM2.5 - Local Conditions,17020,"Chico, CA",6,California,7,Butte,39.76168,-121.84047
10/6/2020,AirNow,60070008,3,23.1,ug/m3 LC,74,Chico-East Avenue,1,100,88101,PM2.5 - Local Conditions,17020,"Chico, CA",6,California,7,Butte,39.76168,-121.84047
10/7/2020,AirNow,60070008,3,24.7,ug/m3 LC,77,Chico-East Avenue,1,100,88101,PM2.5 - Local Conditions,17020,"Chico, CA",6,California,7,Butte,39.76168,-121.84047
10/8/2020,AirNow,60070008,3,24.5,ug/m3 LC,77,Chico-East Avenue,1,100,88101,PM2.5 - Local Conditions,17020,"Chico, CA",6,California,7,Butte,39.76168,-121.84047
10/9/2020,AirNow,60070008,3,22.2,ug/m3 LC,72,Chico-East Avenue,1,100,88101,PM2.5 - Local Conditions,17020,"Chico, CA",6,California,7,Butte,39.76168,-121.84047
10/10/2020,AirNow,60070008,3,10.7,ug/m3 LC,45,Chico-East Avenue,1,100,88101,PM2.5 - Local Conditions,17020,"Chico, CA",6,California,7,Butte,39.76168,-121.84047
10/11/2020,AirNow,60070008,3,4.3,ug/m3 LC,18,Chico-East Avenue,1,100,88101,PM2.5 - Local Conditions,17020,"Chico, CA",6,California,7,Butte,39.76168,-121.84047
10/12/2020,AirNow,60070008,3,6.6,ug/m3 LC,28,Chico-East Avenue,1,100,88101,PM2.5 - Local Conditions,17020,"Chico, CA",6,California,7,Butte,39.76168,-121.84047
10/13/2020,AirNow,60070008,3,9,ug/m3 LC,38,Chico-East Avenue,1,100,88101,PM2.5 - Local Conditions,17020,"Chico, CA",6,California,7,Butte,39.76168,-121.84047
10/14/2020,AirNow,60070008,3,3.9,ug/m3 LC,16,Chico-East Avenue,1,100,88101,PM2.5 - Local Conditions,17020,"Chico, CA",6,California,7,Butte,39.76168,-121.84047
10/15/2020,AirNow,60070008,3,5,ug/m3 LC,21,Chico-East Avenue,1,100,88101,PM2.5 - Local Conditions,17020,"Chico, CA",6,California,7,Butte,39.76168,-121.84047
10/16/2020,AirNow,60070008,3,3.2,ug/m3 LC,13,Chico-East Avenue,1,100,88101,PM2.5 - Local Conditions,17020,"Chico, CA",6,California,7,Butte,39.76168,-121.84047
10/17/2020,AirNow,60070008,3,6.5,ug/m3 LC,27,Chico-East Avenue,1,100,88101,PM2.5 - Local Conditions,17020,"Chico, CA",6,California,7,Butte,39.76168,-121.84047
10/18/2020,AirNow,60070008,3,4.8,ug/m3 LC,20,Chico-East Avenue,1,100,88101,PM2.5 - Local Conditions,17020,"Chico, CA",6,California,7,Butte,39.76168,-121.84047
10/19/2020,AirNow,60070008,3,5.8,ug/m3 LC,24,Chico-East Avenue,1,100,88101,PM2.5 - Local Conditions,17020,"Chico, CA",6,California,7,Butte,39.76168,-121.84047
10/20/2020,AirNow,60070008,3,3.7,ug/m3 LC,15,Chico-East Avenue,1,100,88101,PM2.5 - Local Conditions,17020,"Chico, CA",6,California,7,Butte,39.76168,-121.84047
10/21/2020,AirNow,60070008,3,5.9,ug/m3 LC,25,Chico-East Avenue,1,100,88101,PM2.5 - Local Conditions,17020,"Chico, CA",6,California,7,Butte,39.76168,-121.84047
10/22/2020,AirNow,60070008,3,7.2,ug/m3 LC,30,Chico-East Avenue,1,100,88101,PM2.5 - Local Conditions,17020,"Chico, CA",6,California,7,Butte,39.76168,-121.84047
10/23/2020,AirNow,60070008,3,6.7,ug/m3 LC,28,Chico-East Avenue,1,100,88101,PM2.5 - Local Conditions,17020,"Chico, CA",6,California,7,Butte,39.76168,-121.84047
10/24/2020,AirNow,60070008,3,8.6,ug/m3 LC,36,Chico-East Avenue,1,100,88101,PM2.5 - Local Conditions,17020,"Chico, CA",6,California,7,Butte,39.76168,-121.84047
10/25/2020,AirNow,60070008,3,6.8,ug/m3 LC,28,Chico-East Avenue,1,100,88101,PM2.5 - Local Conditions,17020,"Chico, CA",6,California,7,Butte,39.76168,-121.84047
10/26/2020,AirNow,60070008,3,5.7,ug/m3 LC,24,Chico-East Avenue,1,100,88101,PM2.5 - Local Conditions,17020,"Chico, CA",6,California,7,Butte,39.76168,-121.84047
10/27/2020,AirNow,60070008,3,7,ug/m3 LC,29,Chico-East Avenue,1,100,88101,PM2.5 - Local Conditions,17020,"Chico, CA",6,California,7,Butte,39.76168,-121.84047
10/28/2020,AirNow,60070008,3,11.9,ug/m3 LC,50,Chico-East Avenue,1,100,88101,PM2.5 - Local Conditions,17020,"Chico, CA",6,California,7,Butte,39.76168,-121.84047
10/29/2020,AirNow,60070008,3,16.1,ug/m3 LC,59,Chico-East Avenue,1,100,88101,PM2.5 - Local Conditions,17020,"Chico, CA",6,California,7,Butte,39.76168,-121.84047
10/30/2020,AirNow,60070008,3,17,ug/m3 LC,61,Chico-East Avenue,1,100,88101,PM2.5 - Local Conditions,17020,"Chico, CA",6,California,7,Butte,39.76168,-121.84047
10/31/2020,AirNow,60070008,3,20.7,ug/m3 LC,69,Chico-East Avenue,1,100,88101,PM2.5 - Local Conditions,17020,"Chico, CA",6,California,7,Butte,39.76168,-121.84047
11/1/2020,AirNow,60070008,3,15.3,ug/m3 LC,58,Chico-East Avenue,1,100,88101,PM2.5 - Local Conditions,17020,"Chico, CA",6,California,7,Butte,39.76168,-121.84047
11/2/2020,AirNow,60070008,3,11.5,ug/m3 LC,48,Chico-East Avenue,1,100,88101,PM2.5 - Local Conditions,17020,"Chico, CA",6,California,7,Butte,39.76168,-121.84047
11/3/2020,AirNow,60070008,3,11.6,ug/m3 LC,48,Chico-East Avenue,1,100,88101,PM2.5 - Local Conditions,17020,"Chico, CA",6,California,7,Butte,39.76168,-121.84047
11/4/2020,AirNow,60070008,3,14.4,ug/m3 LC,56,Chico-East Avenue,1,100,88101,PM2.5 - Local Conditions,17020,"Chico, CA",6,California,7,Butte,39.76168,-121.84047
11/5/2020,AirNow,60070008,3,13.6,ug/m3 LC,54,Chico-East Avenue,1,100,88101,PM2.5 - Local Conditions,17020,"Chico, CA",6,California,7,Butte,39.76168,-121.84047
11/6/2020,AirNow,60070008,3,4.6,ug/m3 LC,19,Chico-East Avenue,1,100,88101,PM2.5 - Local Conditions,17020,"Chico, CA",6,California,7,Butte,39.76168,-121.84047
11/7/2020,AirNow,60070008,3,3.6,ug/m3 LC,15,Chico-East Avenue,1,100,88101,PM2.5 - Local Conditions,17020,"Chico, CA",6,California,7,Butte,39.76168,-121.84047
11/8/2020,AirNow,60070008,3,1.9,ug/m3 LC,8,Chico-East Avenue,1,100,88101,PM2.5 - Local Conditions,17020,"Chico, CA",6,California,7,Butte,39.76168,-121.84047
11/9/2020,AirNow,60070008,3,7.7,ug/m3 LC,32,Chico-East Avenue,1,100,88101,PM2.5 - Local Conditions,17020,"Chico, CA",6,California,7,Butte,39.76168,-121.84047
11/10/2020,AirNow,60070008,3,12.6,ug/m3 LC,52,Chico-East Avenue,1,100,88101,PM2.5 - Local Conditions,17020,"Chico, CA",6,California,7,Butte,39.76168,-121.84047
11/11/2020,AirNow,60070008,3,17.2,ug/m3 LC,62,Chico-East Avenue,1,100,88101,PM2.5 - Local Conditions,17020,"Chico, CA",6,California,7,Butte,39.76168,-121.84047
11/12/2020,AirNow,60070008,3,25.7,ug/m3 LC,80,Chico-East Avenue,1,100,88101,PM2.5 - Local Conditions,17020,"Chico, CA",6,California,7,Butte,39.76168,-121.84047
11/13/2020,AirNow,60070008,3,10.7,ug/m3 LC,45,Chico-East Avenue,1,100,88101,PM2.5 - Local Conditions,17020,"Chico, CA",6,California,7,Butte,39.76168,-121.84047
11/14/2020,AirNow,60070008,3,10.4,ug/m3 LC,43,Chico-East Avenue,1,100,88101,PM2.5 - Local Conditions,17020,"Chico, CA",6,California,7,Butte,39.76168,-121.84047
11/15/2020,AirNow,60070008,3,8.2,ug/m3 LC,34,Chico-East Avenue,1,100,88101,PM2.5 - Local Conditions,17020,"Chico, CA",6,California,7,Butte,39.76168,-121.84047
11/16/2020,AirNow,60070008,3,14.3,ug/m3 LC,56,Chico-East Avenue,1,100,88101,PM2.5 - Local Conditions,17020,"Chico, CA",6,California,7,Butte,39.76168,-121.84047
11/17/2020,AirNow,60070008,3,12.7,ug/m3 LC,52,Chico-East Avenue,1,100,88101,PM2.5 - Local Conditions,17020,"Chico, CA",6,California,7,Butte,39.76168,-121.84047
11/18/2020,AirNow,60070008,3,3.3,ug/m3 LC,14,Chico-East Avenue,1,100,88101,PM2.5 - Local Conditions,17020,"Chico, CA",6,California,7,Butte,39.76168,-121.84047
11/19/2020,AirNow,60070008,3,5,ug/m3 LC,21,Chico-East Avenue,1,100,88101,PM2.5 - Local Conditions,17020,"Chico, CA",6,California,7,Butte,39.76168,-121.84047
11/20/2020,AirNow,60070008,3,10.9,ug/m3 LC,45,Chico-East Avenue,1,100,88101,PM2.5 - Local Conditions,17020,"Chico, CA",6,California,7,Butte,39.76168,-121.84047
11/21/2020,AirNow,60070008,3,20.6,ug/m3 LC,69,Chico-East Avenue,1,100,88101,PM2.5 - Local Conditions,17020,"Chico, CA",6,California,7,Butte,39.76168,-121.84047
11/22/2020,AirNow,60070008,3,19.6,ug/m3 LC,67,Chico-East Avenue,1,100,88101,PM2.5 - Local Conditions,17020,"Chico, CA",6,California,7,Butte,39.76168,-121.84047
11/23/2020,AirNow,60070008,3,15,ug/m3 LC,57,Chico-East Avenue,1,100,88101,PM2.5 - Local Conditions,17020,"Chico, CA",6,California,7,Butte,39.76168,-121.84047
11/24/2020,AirNow,60070008,3,9.4,ug/m3 LC,39,Chico-East Avenue,1,100,88101,PM2.5 - Local Conditions,17020,"Chico, CA",6,California,7,Butte,39.76168,-121.84047
11/25/2020,AirNow,60070008,3,6.5,ug/m3 LC,27,Chico-East Avenue,1,100,88101,PM2.5 - Local Conditions,17020,"Chico, CA",6,California,7,Butte,39.76168,-121.84047
11/26/2020,AirNow,60070008,3,5.1,ug/m3 LC,21,Chico-East Avenue,1,100,88101,PM2.5 - Local Conditions,17020,"Chico, CA",6,California,7,Butte,39.76168,-121.84047
11/27/2020,AirNow,60070008,3,12.1,ug/m3 LC,51,Chico-East Avenue,1,100,88101,PM2.5 - Local Conditions,17020,"Chico, CA",6,California,7,Butte,39.76168,-121.84047
11/28/2020,AirNow,60070008,3,20.4,ug/m3 LC,68,Chico-East Avenue,1,100,88101,PM2.5 - Local Conditions,17020,"Chico, CA",6,California,7,Butte,39.76168,-121.84047
11/29/2020,AirNow,60070008,3,34.5,ug/m3 LC,98,Chico-East Avenue,1,100,88101,PM2.5 - Local Conditions,17020,"Chico, CA",6,California,7,Butte,39.76168,-121.84047
11/30/2020,AirNow,60070008,3,23.3,ug/m3 LC,75,Chico-East Avenue,1,100,88101,PM2.5 - Local Conditions,17020,"Chico, CA",6,California,7,Butte,39.76168,-121.84047
12/1/2020,AirNow,60070008,3,16.1,ug/m3 LC,59,Chico-East Avenue,1,100,88101,PM2.5 - Local Conditions,17020,"Chico, CA",6,California,7,Butte,39.76168,-121.84047
12/2/2020,AirNow,60070008,3,18.8,ug/m3 LC,65,Chico-East Avenue,1,100,88101,PM2.5 - Local Conditions,17020,"Chico, CA",6,California,7,Butte,39.76168,-121.84047
12/3/2020,AirNow,60070008,3,24.2,ug/m3 LC,76,Chico-East Avenue,1,100,88101,PM2.5 - Local Conditions,17020,"Chico, CA",6,California,7,Butte,39.76168,-121.84047
12/4/2020,AirNow,60070008,3,27.5,ug/m3 LC,83,Chico-East Avenue,1,100,88101,PM2.5 - Local Conditions,17020,"Chico, CA",6,California,7,Butte,39.76168,-121.84047
12/5/2020,AirNow,60070008,3,27.5,ug/m3 LC,83,Chico-East Avenue,1,100,88101,PM2.5 - Local Conditions,17020,"Chico, CA",6,California,7,Butte,39.76168,-121.84047
12/6/2020,AirNow,60070008,3,10.1,ug/m3 LC,42,Chico-East Avenue,1,100,88101,PM2.5 - Local Conditions,17020,"Chico, CA",6,California,7,Butte,39.76168,-121.84047
12/7/2020,AirNow,60070008,3,7.4,ug/m3 LC,31,Chico-East Avenue,1,100,88101,PM2.5 - Local Conditions,17020,"Chico, CA",6,California,7,Butte,39.76168,-121.84047
12/8/2020,AirNow,60070008,3,18.4,ug/m3 LC,64,Chico-East Avenue,1,100,88101,PM2.5 - Local Conditions,17020,"Chico, CA",6,California,7,Butte,39.76168,-121.84047
12/9/2020,AirNow,60070008,3,16.1,ug/m3 LC,59,Chico-East Avenue,1,100,88101,PM2.5 - Local Conditions,17020,"Chico, CA",6,California,7,Butte,39.76168,-121.84047
12/10/2020,AirNow,60070008,3,20.7,ug/m3 LC,69,Chico-East Avenue,1,100,88101,PM2.5 - Local Conditions,17020,"Chico, CA",6,California,7,Butte,39.76168,-121.84047
12/11/2020,AirNow,60070008,3,18.2,ug/m3 LC,64,Chico-East Avenue,1,100,88101,PM2.5 - Local Conditions,17020,"Chico, CA",6,California,7,Butte,39.76168,-121.84047
12/12/2020,AirNow,60070008,3,8.2,ug/m3 LC,34,Chico-East Avenue,1,100,88101,PM2.5 - Local Conditions,17020,"Chico, CA",6,California,7,Butte,39.76168,-121.84047
12/13/2020,AirNow,60070008,3,8.6,ug/m3 LC,36,Chico-East Avenue,1,100,88101,PM2.5 - Local Conditions,17020,"Chico, CA",6,California,7,Butte,39.76168,-121.84047
12/14/2020,AirNow,60070008,3,8.3,ug/m3 LC,35,Chico-East Avenue,1,100,88101,PM2.5 - Local Conditions,17020,"Chico, CA",6,California,7,Butte,39.76168,-121.84047
12/15/2020,AirNow,60070008,3,18.7,ug/m3 LC,65,Chico-East Avenue,1,100,88101,PM2.5 - Local Conditions,17020,"Chico, CA",6,California,7,Butte,39.76168,-121.84047
12/16/2020,AirNow,60070008,3,18,ug/m3 LC,63,Chico-East Avenue,1,100,88101,PM2.5 - Local Conditions,17020,"Chico, CA",6,California,7,Butte,39.76168,-121.84047
12/17/2020,AirNow,60070008,3,8,ug/m3 LC,33,Chico-East Avenue,1,100,88101,PM2.5 - Local Conditions,17020,"Chico, CA",6,California,7,Butte,39.76168,-121.84047
12/18/2020,AirNow,60070008,3,12.1,ug/m3 LC,51,Chico-East Avenue,1,100,88101,PM2.5 - Local Conditions,17020,"Chico, CA",6,California,7,Butte,39.76168,-121.84047
12/19/2020,AirNow,60070008,3,26,ug/m3 LC,80,Chico-East Avenue,1,100,88101,PM2.5 - Local Conditions,17020,"Chico, CA",6,California,7,Butte,39.76168,-121.84047
12/20/2020,AirNow,60070008,3,39.5,ug/m3 LC,111,Chico-East Avenue,1,100,88101,PM2.5 - Local Conditions,17020,"Chico, CA",6,California,7,Butte,39.76168,-121.84047
12/21/2020,AirNow,60070008,3,28.5,ug/m3 LC,85,Chico-East Avenue,1,100,88101,PM2.5 - Local Conditions,17020,"Chico, CA",6,California,7,Butte,39.76168,-121.84047
12/22/2020,AirNow,60070008,3,14.7,ug/m3 LC,56,Chico-East Avenue,1,100,88101,PM2.5 - Local Conditions,17020,"Chico, CA",6,California,7,Butte,39.76168,-121.84047
12/23/2020,AirNow,60070008,3,10.8,ug/m3 LC,45,Chico-East Avenue,1,100,88101,PM2.5 - Local Conditions,17020,"Chico, CA",6,California,7,Butte,39.76168,-121.84047
12/24/2020,AirNow,60070008,3,34.1,ug/m3 LC,97,Chico-East Avenue,1,100,88101,PM2.5 - Local Conditions,17020,"Chico, CA",6,California,7,Butte,39.76168,-121.84047
12/25/2020,AirNow,60070008,3,15.8,ug/m3 LC,59,Chico-East Avenue,1,100,88101,PM2.5 - Local Conditions,17020,"Chico, CA",6,California,7,Butte,39.76168,-121.84047
12/26/2020,AirNow,60070008,3,5.9,ug/m3 LC,25,Chico-East Avenue,1,100,88101,PM2.5 - Local Conditions,17020,"Chico, CA",6,California,7,Butte,39.76168,-121.84047
12/27/2020,AirNow,60070008,3,7.9,ug/m3 LC,33,Chico-East Avenue,1,100,88101,PM2.5 - Local Conditions,17020,"Chico, CA",6,California,7,Butte,39.76168,-121.84047
12/28/2020,AirNow,60070008,3,12.6,ug/m3 LC,52,Chico-East Avenue,1,100,88101,PM2.5 - Local Conditions,17020,"Chico, CA",6,California,7,Butte,39.76168,-121.84047
12/29/2020,AirNow,60070008,3,14,ug/m3 LC,55,Chico-East Avenue,1,100,88101,PM2.5 - Local Conditions,17020,"Chico, CA",6,California,7,Butte,39.76168,-121.84047
12/30/2020,AirNow,60070008,3,21.7,ug/m3 LC,71,Chico-East Avenue,1,100,88101,PM2.5 - Local Conditions,17020,"Chico, CA",6,California,7,Butte,39.76168,-121.84047
12/31/2020,AirNow,60070008,3,12.9,ug/m3 LC,53,Chico-East Avenue,1,100,88101,PM2.5 - Local Conditions,17020,"Chico, CA",6,California,7,Butte,39.76168,-121.84047
1/4/2020,AQS,60070008,5,17.1,ug/m3 LC,62,Chico-East Avenue,1,100,88502,Acceptable PM2.5 AQI & Speciation Mass,17020,"Chico, CA",6,California,7,Butte,39.76168,-121.84047
1/12/2020,AQS,60070008,5,7.9,ug/m3 LC,33,Chico-East Avenue,1,100,88502,Acceptable PM2.5 AQI & Speciation Mass,17020,"Chico, CA",6,California,7,Butte,39.76168,-121.84047
1/16/2020,AQS,60070008,5,3.4,ug/m3 LC,14,Chico-East Avenue,1,100,88502,Acceptable PM2.5 AQI & Speciation Mass,17020,"Chico, CA",6,California,7,Butte,39.76168,-121.84047
1/22/2020,AQS,60070008,5,4.9,ug/m3 LC,20,Chico-East Avenue,1,100,88502,Acceptable PM2.5 AQI & Speciation Mass,17020,"Chico, CA",6,California,7,Butte,39.76168,-121.84047
1/28/2020,AQS,60070008,5,5.2,ug/m3 LC,22,Chico-East Avenue,1,100,88502,Acceptable PM2.5 AQI & Speciation Mass,17020,"Chico, CA",6,California,7,Butte,39.76168,-121.84047
2/5/2020,AQS,60070008,5,16.6,ug/m3 LC,60,Chico-East Avenue,1,100,88502,Acceptable PM2.5 AQI & Speciation Mass,17020,"Chico, CA",6,California,7,Butte,39.76168,-121.84047
2/9/2020,AQS,60070008,5,2.5,ug/m3 LC,10,Chico-East Avenue,1,100,88502,Acceptable PM2.5 AQI & Speciation Mass,17020,"Chico, CA",6,California,7,Butte,39.76168,-121.84047
2/20/2020,AQS,60070008,5,14.1,ug/m3 LC,55,Chico-East Avenue,1,100,88502,Acceptable PM2.5 AQI & Speciation Mass,17020,"Chico, CA",6,California,7,Butte,39.76168,-121.84047
2/23/2020,AQS,60070008,5,9.9,ug/m3 LC,41,Chico-East Avenue,1,100,88502,Acceptable PM2.5 AQI & Speciation Mass,17020,"Chico, CA",6,California,7,Butte,39.76168,-121.84047
2/27/2020,AQS,60070008,5,9.2,ug/m3 LC,38,Chico-East Avenue,1,100,88502,Acceptable PM2.5 AQI & Speciation Mass,17020,"Chico, CA",6,California,7,Butte,39.76168,-121.84047
3/10/2020,AQS,60070008,5,4.3,ug/m3 LC,18,Chico-East Avenue,1,100,88502,Acceptable PM2.5 AQI & Speciation Mass,17020,"Chico, CA",6,California,7,Butte,39.76168,-121.84047
3/16/2020,AQS,60070008,5,4.3,ug/m3 LC,18,Chico-East Avenue,1,100,88502,Acceptable PM2.5 AQI & Speciation Mass,17020,"Chico, CA",6,California,7,Butte,39.76168,-121.84047
1/1/2020,AQS,60290010,1,36.8,ug/m3 LC,104,Bakersfield-Golden/M St,1,100,88101,PM2.5 - Local Conditions,12540,"Bakersfield, CA",6,California,29,Kern,35.385574,-119.015009
1/4/2020,AQS,60290010,1,23.7,ug/m3 LC,75,Bakersfield-Golden/M St,1,100,88101,PM2.5 - Local Conditions,12540,"Bakersfield, CA",6,California,29,Kern,35.385574,-119.015009
1/10/2020,AQS,60290010,1,18.5,ug/m3 LC,64,Bakersfield-Golden/M St,1,100,88101,PM2.5 - Local Conditions,12540,"Bakersfield, CA",6,California,29,Kern,35.385574,-119.015009
1/13/2020,AQS,60290010,1,15.1,ug/m3 LC,57,Bakersfield-Golden/M St,1,100,88101,PM2.5 - Local Conditions,12540,"Bakersfield, CA",6,California,29,Kern,35.385574,-119.015009
1/16/2020,AQS,60290010,1,21,ug/m3 LC,70,Bakersfield-Golden/M St,1,100,88101,PM2.5 - Local Conditions,12540,"Bakersfield, CA",6,California,29,Kern,35.385574,-119.015009
1/19/2020,AQS,60290010,1,23.9,ug/m3 LC,76,Bakersfield-Golden/M St,1,100,88101,PM2.5 - Local Conditions,12540,"Bakersfield, CA",6,California,29,Kern,35.385574,-119.015009
1/22/2020,AQS,60290010,1,11.9,ug/m3 LC,50,Bakersfield-Golden/M St,1,100,88101,PM2.5 - Local Conditions,12540,"Bakersfield, CA",6,California,29,Kern,35.385574,-119.015009
1/25/2020,AQS,60290010,1,20.6,ug/m3 LC,69,Bakersfield-Golden/M St,1,100,88101,PM2.5 - Local Conditions,12540,"Bakersfield, CA",6,California,29,Kern,35.385574,-119.015009
1/28/2020,AQS,60290010,1,20.1,ug/m3 LC,68,Bakersfield-Golden/M St,1,100,88101,PM2.5 - Local Conditions,12540,"Bakersfield, CA",6,California,29,Kern,35.385574,-119.015009
1/31/2020,AQS,60290010,1,22.4,ug/m3 LC,73,Bakersfield-Golden/M St,1,100,88101,PM2.5 - Local Conditions,12540,"Bakersfield, CA",6,California,29,Kern,35.385574,-119.015009
2/3/2020,AQS,60290010,1,7.1,ug/m3 LC,30,Bakersfield-Golden/M St,1,100,88101,PM2.5 - Local Conditions,12540,"Bakersfield, CA",6,California,29,Kern,35.385574,-119.015009
2/6/2020,AQS,60290010,1,21.1,ug/m3 LC,70,Bakersfield-Golden/M St,1,100,88101,PM2.5 - Local Conditions,12540,"Bakersfield, CA",6,California,29,Kern,35.385574,-119.015009
2/9/2020,AQS,60290010,1,15.5,ug/m3 LC,58,Bakersfield-Golden/M St,1,100,88101,PM2.5 - Local Conditions,12540,"Bakersfield, CA",6,California,29,Kern,35.385574,-119.015009
2/12/2020,AQS,60290010,1,10.6,ug/m3 LC,44,Bakersfield-Golden/M St,1,100,88101,PM2.5 - Local Conditions,12540,"Bakersfield, CA",6,California,29,Kern,35.385574,-119.015009
2/15/2020,AQS,60290010,1,28.5,ug/m3 LC,85,Bakersfield-Golden/M St,1,100,88101,PM2.5 - Local Conditions,12540,"Bakersfield, CA",6,California,29,Kern,35.385574,-119.015009
2/18/2020,AQS,60290010,1,15.3,ug/m3 LC,58,Bakersfield-Golden/M St,1,100,88101,PM2.5 - Local Conditions,12540,"Bakersfield, CA",6,California,29,Kern,35.385574,-119.015009
2/27/2020,AQS,60290010,1,13.5,ug/m3 LC,54,Bakersfield-Golden/M St,1,100,88101,PM2.5 - Local Conditions,12540,"Bakersfield, CA",6,California,29,Kern,35.385574,-119.015009
2/28/2020,AQS,60290010,1,14.4,ug/m3 LC,56,Bakersfield-Golden/M St,1,100,88101,PM2.5 - Local Conditions,12540,"Bakersfield, CA",6,California,29,Kern,35.385574,-119.015009
3/1/2020,AQS,60290010,1,8.9,ug/m3 LC,37,Bakersfield-Golden/M St,1,100,88101,PM2.5 - Local Conditions,12540,"Bakersfield, CA",6,California,29,Kern,35.385574,-119.015009
3/4/2020,AQS,60290010,1,15.4,ug/m3 LC,58,Bakersfield-Golden/M St,1,100,88101,PM2.5 - Local Conditions,12540,"Bakersfield, CA",6,California,29,Kern,35.385574,-119.015009
3/7/2020,AQS,60290010,1,5.5,ug/m3 LC,23,Bakersfield-Golden/M St,1,100,88101,PM2.5 - Local Conditions,12540,"Bakersfield, CA",6,California,29,Kern,35.385574,-119.015009
3/13/2020,AQS,60290010,1,7.1,ug/m3 LC,30,Bakersfield-Golden/M St,1,100,88101,PM2.5 - Local Conditions,12540,"Bakersfield, CA",6,California,29,Kern,35.385574,-119.015009
3/16/2020,AQS,60290010,1,2.7,ug/m3 LC,11,Bakersfield-Golden/M St,1,100,88101,PM2.5 - Local Conditions,12540,"Bakersfield, CA",6,California,29,Kern,35.385574,-119.015009
3/19/2020,AQS,60290010,1,6.1,ug/m3 LC,25,Bakersfield-Golden/M St,1,100,88101,PM2.5 - Local Conditions,12540,"Bakersfield, CA",6,California,29,Kern,35.385574,-119.015009
3/22/2020,AQS,60290010,1,6.2,ug/m3 LC,26,Bakersfield-Golden/M St,1,100,88101,PM2.5 - Local Conditions,12540,"Bakersfield, CA",6,California,29,Kern,35.385574,-119.015009
3/25/2020,AQS,60290010,1,2.3,ug/m3 LC,10,Bakersfield-Golden/M St,1,100,88101,PM2.5 - Local Conditions,12540,"Bakersfield, CA",6,California,29,Kern,35.385574,-119.015009
3/28/2020,AQS,60290010,1,10,ug/m3 LC,42,Bakersfield-Golden/M St,1,100,88101,PM2.5 - Local Conditions,12540,"Bakersfield, CA",6,California,29,Kern,35.385574,-119.015009
3/31/2020,AQS,60290010,1,9.9,ug/m3 LC,41,Bakersfield-Golden/M St,1,100,88101,PM2.5 - Local Conditions,12540,"Bakersfield, CA",6,California,29,Kern,35.385574,-119.015009
4/3/2020,AQS,60290010,1,8.1,ug/m3 LC,34,Bakersfield-Golden/M St,1,100,88101,PM2.5 - Local Conditions,12540,"Bakersfield, CA",6,California,29,Kern,35.385574,-119.015009
4/6/2020,AQS,60290010,1,1,ug/m3 LC,4,Bakersfield-Golden/M St,1,100,88101,PM2.5 - Local Conditions,12540,"Bakersfield, CA",6,California,29,Kern,35.385574,-119.015009
4/9/2020,AQS,60290010,1,2.2,ug/m3 LC,9,Bakersfield-Golden/M St,1,100,88101,PM2.5 - Local Conditions,12540,"Bakersfield, CA",6,California,29,Kern,35.385574,-119.015009
4/15/2020,AQS,60290010,1,11.2,ug/m3 LC,47,Bakersfield-Golden/M St,1,100,88101,PM2.5 - Local Conditions,12540,"Bakersfield, CA",6,California,29,Kern,35.385574,-119.015009
4/18/2020,AQS,60290010,1,7.3,ug/m3 LC,30,Bakersfield-Golden/M St,1,100,88101,PM2.5 - Local Conditions,12540,"Bakersfield, CA",6,California,29,Kern,35.385574,-119.015009
4/21/2020,AQS,60290010,1,9.5,ug/m3 LC,40,Bakersfield-Golden/M St,1,100,88101,PM2.5 - Local Conditions,12540,"Bakersfield, CA",6,California,29,Kern,35.385574,-119.015009
4/24/2020,AQS,60290010,1,12.5,ug/m3 LC,52,Bakersfield-Golden/M St,1,100,88101,PM2.5 - Local Conditions,12540,"Bakersfield, CA",6,California,29,Kern,35.385574,-119.015009
4/27/2020,AQS,60290010,1,6.7,ug/m3 LC,28,Bakersfield-Golden/M St,1,100,88101,PM2.5 - Local Conditions,12540,"Bakersfield, CA",6,California,29,Kern,35.385574,-119.015009
4/30/2020,AQS,60290010,1,7,ug/m3 LC,29,Bakersfield-Golden/M St,1,100,88101,PM2.5 - Local Conditions,12540,"Bakersfield, CA",6,California,29,Kern,35.385574,-119.015009
5/3/2020,AQS,60290010,1,6.5,ug/m3 LC,27,Bakersfield-Golden/M St,1,100,88101,PM2.5 - Local Conditions,12540,"Bakersfield, CA",6,California,29,Kern,35.385574,-119.015009
5/6/2020,AQS,60290010,1,10.3,ug/m3 LC,43,Bakersfield-Golden/M St,1,100,88101,PM2.5 - Local Conditions,12540,"Bakersfield, CA",6,California,29,Kern,35.385574,-119.015009
5/9/2020,AQS,60290010,1,12.4,ug/m3 LC,52,Bakersfield-Golden/M St,1,100,88101,PM2.5 - Local Conditions,12540,"Bakersfield, CA",6,California,29,Kern,35.385574,-119.015009
5/12/2020,AQS,60290010,1,3.2,ug/m3 LC,13,Bakersfield-Golden/M St,1,100,88101,PM2.5 - Local Conditions,12540,"Bakersfield, CA",6,California,29,Kern,35.385574,-119.015009
5/15/2020,AQS,60290010,1,6.6,ug/m3 LC,28,Bakersfield-Golden/M St,1,100,88101,PM2.5 - Local Conditions,12540,"Bakersfield, CA",6,California,29,Kern,35.385574,-119.015009
5/18/2020,AQS,60290010,1,3.3,ug/m3 LC,14,Bakersfield-Golden/M St,1,100,88101,PM2.5 - Local Conditions,12540,"Bakersfield, CA",6,California,29,Kern,35.385574,-119.015009
5/21/2020,AQS,60290010,1,9.4,ug/m3 LC,39,Bakersfield-Golden/M St,1,100,88101,PM2.5 - Local Conditions,12540,"Bakersfield, CA",6,California,29,Kern,35.385574,-119.015009
5/24/2020,AQS,60290010,1,7.3,ug/m3 LC,30,Bakersfield-Golden/M St,1,100,88101,PM2.5 - Local Conditions,12540,"Bakersfield, CA",6,California,29,Kern,35.385574,-119.015009
5/27/2020,AQS,60290010,1,11.1,ug/m3 LC,46,Bakersfield-Golden/M St,1,100,88101,PM2.5 - Local Conditions,12540,"Bakersfield, CA",6,California,29,Kern,35.385574,-119.015009
5/30/2020,AQS,60290010,1,3.5,ug/m3 LC,15,Bakersfield-Golden/M St,1,100,88101,PM2.5 - Local Conditions,12540,"Bakersfield, CA",6,California,29,Kern,35.385574,-119.015009
6/2/2020,AQS,60290010,1,16.1,ug/m3 LC,59,Bakersfield-Golden/M St,1,100,88101,PM2.5 - Local Conditions,12540,"Bakersfield, CA",6,California,29,Kern,35.385574,-119.015009
6/5/2020,AQS,60290010,1,8.1,ug/m3 LC,34,Bakersfield-Golden/M St,1,100,88101,PM2.5 - Local Conditions,12540,"Bakersfield, CA",6,California,29,Kern,35.385574,-119.015009
6/8/2020,AQS,60290010,1,5.5,ug/m3 LC,23,Bakersfield-Golden/M St,1,100,88101,PM2.5 - Local Conditions,12540,"Bakersfield, CA",6,California,29,Kern,35.385574,-119.015009
6/11/2020,AQS,60290010,1,11.1,ug/m3 LC,46,Bakersfield-Golden/M St,1,100,88101,PM2.5 - Local Conditions,12540,"Bakersfield, CA",6,California,29,Kern,35.385574,-119.015009
6/14/2020,AQS,60290010,1,6.5,ug/m3 LC,27,Bakersfield-Golden/M St,1,100,88101,PM2.5 - Local Conditions,12540,"Bakersfield, CA",6,California,29,Kern,35.385574,-119.015009
6/17/2020,AQS,60290010,1,7.9,ug/m3 LC,33,Bakersfield-Golden/M St,1,100,88101,PM2.5 - Local Conditions,12540,"Bakersfield, CA",6,California,29,Kern,35.385574,-119.015009
6/20/2020,AQS,60290010,1,11.7,ug/m3 LC,49,Bakersfield-Golden/M St,1,100,88101,PM2.5 - Local Conditions,12540,"Bakersfield, CA",6,California,29,Kern,35.385574,-119.015009
6/23/2020,AQS,60290010,1,11.6,ug/m3 LC,48,Bakersfield-Golden/M St,1,100,88101,PM2.5 - Local Conditions,12540,"Bakersfield, CA",6,California,29,Kern,35.385574,-119.015009
6/26/2020,AQS,60290010,1,9.7,ug/m3 LC,40,Bakersfield-Golden/M St,1,100,88101,PM2.5 - Local Conditions,12540,"Bakersfield, CA",6,California,29,Kern,35.385574,-119.015009
6/29/2020,AQS,60290010,1,8.9,ug/m3 LC,37,Bakersfield-Golden/M St,1,100,88101,PM2.5 - Local Conditions,12540,"Bakersfield, CA",6,California,29,Kern,35.385574,-119.015009
7/2/2020,AQS,60290010,1,8.5,ug/m3 LC,35,Bakersfield-Golden/M St,1,100,88101,PM2.5 - Local Conditions,12540,"Bakersfield, CA",6,California,29,Kern,35.385574,-119.015009
7/5/2020,AQS,60290010,1,25.1,ug/m3 LC,78,Bakersfield-Golden/M St,1,100,88101,PM2.5 - Local Conditions,12540,"Bakersfield, CA",6,California,29,Kern,35.385574,-119.015009
7/8/2020,AQS,60290010,1,12.1,ug/m3 LC,51,Bakersfield-Golden/M St,1,100,88101,PM2.5 - Local Conditions,12540,"Bakersfield, CA",6,California,29,Kern,35.385574,-119.015009
7/11/2020,AQS,60290010,1,14.7,ug/m3 LC,56,Bakersfield-Golden/M St,1,100,88101,PM2.5 - Local Conditions,12540,"Bakersfield, CA",6,California,29,Kern,35.385574,-119.015009
7/14/2020,AQS,60290010,1,6.1,ug/m3 LC,25,Bakersfield-Golden/M St,1,100,88101,PM2.5 - Local Conditions,12540,"Bakersfield, CA",6,California,29,Kern,35.385574,-119.015009
7/17/2020,AQS,60290010,1,11,ug/m3 LC,46,Bakersfield-Golden/M St,1,100,88101,PM2.5 - Local Conditions,12540,"Bakersfield, CA",6,California,29,Kern,35.385574,-119.015009
7/20/2020,AQS,60290010,1,11.2,ug/m3 LC,47,Bakersfield-Golden/M St,1,100,88101,PM2.5 - Local Conditions,12540,"Bakersfield, CA",6,California,29,Kern,35.385574,-119.015009
7/23/2020,AQS,60290010,1,7.8,ug/m3 LC,33,Bakersfield-Golden/M St,1,100,88101,PM2.5 - Local Conditions,12540,"Bakersfield, CA",6,California,29,Kern,35.385574,-119.015009
7/26/2020,AQS,60290010,1,10.2,ug/m3 LC,43,Bakersfield-Golden/M St,1,100,88101,PM2.5 - Local Conditions,12540,"Bakersfield, CA",6,California,29,Kern,35.385574,-119.015009
8/1/2020,AQS,60290010,1,12.2,ug/m3 LC,51,Bakersfield-Golden/M St,1,100,88101,PM2.5 - Local Conditions,12540,"Bakersfield, CA",6,California,29,Kern,35.385574,-119.015009
8/4/2020,AQS,60290010,1,10.2,ug/m3 LC,43,Bakersfield-Golden/M St,1,100,88101,PM2.5 - Local Conditions,12540,"Bakersfield, CA",6,California,29,Kern,35.385574,-119.015009
8/7/2020,AQS,60290010,1,11.1,ug/m3 LC,46,Bakersfield-Golden/M St,1,100,88101,PM2.5 - Local Conditions,12540,"Bakersfield, CA",6,California,29,Kern,35.385574,-119.015009
8/12/2020,AQS,60290010,1,11.2,ug/m3 LC,47,Bakersfield-Golden/M St,1,100,88101,PM2.5 - Local Conditions,12540,"Bakersfield, CA",6,California,29,Kern,35.385574,-119.015009
8/13/2020,AQS,60290010,1,14,ug/m3 LC,55,Bakersfield-Golden/M St,1,100,88101,PM2.5 - Local Conditions,12540,"Bakersfield, CA",6,California,29,Kern,35.385574,-119.015009
8/16/2020,AQS,60290010,1,15.5,ug/m3 LC,58,Bakersfield-Golden/M St,1,100,88101,PM2.5 - Local Conditions,12540,"Bakersfield, CA",6,California,29,Kern,35.385574,-119.015009
8/19/2020,AQS,60290010,1,50.2,ug/m3 LC,137,Bakersfield-Golden/M St,1,100,88101,PM2.5 - Local Conditions,12540,"Bakersfield, CA",6,California,29,Kern,35.385574,-119.015009
8/22/2020,AQS,60290010,1,150.2,ug/m3 LC,200,Bakersfield-Golden/M St,1,100,88101,PM2.5 - Local Conditions,12540,"Bakersfield, CA",6,California,29,Kern,35.385574,-119.015009
8/25/2020,AQS,60290010,1,24,ug/m3 LC,76,Bakersfield-Golden/M St,1,100,88101,PM2.5 - Local Conditions,12540,"Bakersfield, CA",6,California,29,Kern,35.385574,-119.015009
8/28/2020,AQS,60290010,1,19.4,ug/m3 LC,66,Bakersfield-Golden/M St,1,100,88101,PM2.5 - Local Conditions,12540,"Bakersfield, CA",6,California,29,Kern,35.385574,-119.015009
8/31/2020,AQS,60290010,1,32.4,ug/m3 LC,94,Bakersfield-Golden/M St,1,100,88101,PM2.5 - Local Conditions,12540,"Bakersfield, CA",6,California,29,Kern,35.385574,-119.015009
9/3/2020,AQS,60290010,1,33.9,ug/m3 LC,97,Bakersfield-Golden/M St,1,100,88101,PM2.5 - Local Conditions,12540,"Bakersfield, CA",6,California,29,Kern,35.385574,-119.015009
9/6/2020,AQS,60290010,1,37.8,ug/m3 LC,107,Bakersfield-Golden/M St,1,100,88101,PM2.5 - Local Conditions,12540,"Bakersfield, CA",6,California,29,Kern,35.385574,-119.015009
9/9/2020,AQS,60290010,1,20.7,ug/m3 LC,69,Bakersfield-Golden/M St,1,100,88101,PM2.5 - Local Conditions,12540,"Bakersfield, CA",6,California,29,Kern,35.385574,-119.015009
9/12/2020,AQS,60290010,1,35.2,ug/m3 LC,100,Bakersfield-Golden/M St,1,100,88101,PM2.5 - Local Conditions,12540,"Bakersfield, CA",6,California,29,Kern,35.385574,-119.015009
9/15/2020,AQS,60290010,1,81.5,ug/m3 LC,164,Bakersfield-Golden/M St,1,100,88101,PM2.5 - Local Conditions,12540,"Bakersfield, CA",6,California,29,Kern,35.385574,-119.015009
9/18/2020,AQS,60290010,1,34.4,ug/m3 LC,98,Bakersfield-Golden/M St,1,100,88101,PM2.5 - Local Conditions,12540,"Bakersfield, CA",6,California,29,Kern,35.385574,-119.015009
9/21/2020,AQS,60290010,1,27.3,ug/m3 LC,83,Bakersfield-Golden/M St,1,100,88101,PM2.5 - Local Conditions,12540,"Bakersfield, CA",6,California,29,Kern,35.385574,-119.015009
9/24/2020,AQS,60290010,1,10.2,ug/m3 LC,43,Bakersfield-Golden/M St,1,100,88101,PM2.5 - Local Conditions,12540,"Bakersfield, CA",6,California,29,Kern,35.385574,-119.015009
9/27/2020,AQS,60290010,1,20,ug/m3 LC,68,Bakersfield-Golden/M St,1,100,88101,PM2.5 - Local Conditions,12540,"Bakersfield, CA",6,California,29,Kern,35.385574,-119.015009
9/30/2020,AQS,60290010,1,25.5,ug/m3 LC,79,Bakersfield-Golden/M St,1,100,88101,PM2.5 - Local Conditions,12540,"Bakersfield, CA",6,California,29,Kern,35.385574,-119.015009
10/3/2020,AQS,60290010,1,76.9,ug/m3 LC,162,Bakersfield-Golden/M St,1,100,88101,PM2.5 - Local Conditions,12540,"Bakersfield, CA",6,California,29,Kern,35.385574,-119.015009
10/6/2020,AQS,60290010,1,44.3,ug/m3 LC,123,Bakersfield-Golden/M St,1,100,88101,PM2.5 - Local Conditions,12540,"Bakersfield, CA",6,California,29,Kern,35.385574,-119.015009
10/9/2020,AQS,60290010,1,20.1,ug/m3 LC,68,Bakersfield-Golden/M St,1,100,88101,PM2.5 - Local Conditions,12540,"Bakersfield, CA",6,California,29,Kern,35.385574,-119.015009
10/12/2020,AQS,60290010,1,13.6,ug/m3 LC,54,Bakersfield-Golden/M St,1,100,88101,PM2.5 - Local Conditions,12540,"Bakersfield, CA",6,California,29,Kern,35.385574,-119.015009
10/15/2020,AQS,60290010,1,25.3,ug/m3 LC,79,Bakersfield-Golden/M St,1,100,88101,PM2.5 - Local Conditions,12540,"Bakersfield, CA",6,California,29,Kern,35.385574,-119.015009
10/21/2020,AQS,60290010,1,23.7,ug/m3 LC,75,Bakersfield-Golden/M St,1,100,88101,PM2.5 - Local Conditions,12540,"Bakersfield, CA",6,California,29,Kern,35.385574,-119.015009
11/2/2020,AQS,60290010,1,34.6,ug/m3 LC,98,Bakersfield-Golden/M St,1,100,88101,PM2.5 - Local Conditions,12540,"Bakersfield, CA",6,California,29,Kern,35.385574,-119.015009
11/5/2020,AQS,60290010,1,43.7,ug/m3 LC,121,Bakersfield-Golden/M St,1,100,88101,PM2.5 - Local Conditions,12540,"Bakersfield, CA",6,California,29,Kern,35.385574,-119.015009
11/8/2020,AQS,60290010,1,5.7,ug/m3 LC,24,Bakersfield-Golden/M St,1,100,88101,PM2.5 - Local Conditions,12540,"Bakersfield, CA",6,California,29,Kern,35.385574,-119.015009
11/11/2020,AQS,60290010,1,29.4,ug/m3 LC,87,Bakersfield-Golden/M St,1,100,88101,PM2.5 - Local Conditions,12540,"Bakersfield, CA",6,California,29,Kern,35.385574,-119.015009
11/14/2020,AQS,60290010,1,32.9,ug/m3 LC,95,Bakersfield-Golden/M St,1,100,88101,PM2.5 - Local Conditions,12540,"Bakersfield, CA",6,California,29,Kern,35.385574,-119.015009
11/17/2020,AQS,60290010,1,19.8,ug/m3 LC,67,Bakersfield-Golden/M St,1,100,88101,PM2.5 - Local Conditions,12540,"Bakersfield, CA",6,California,29,Kern,35.385574,-119.015009
11/20/2020,AQS,60290010,1,26,ug/m3 LC,80,Bakersfield-Golden/M St,1,100,88101,PM2.5 - Local Conditions,12540,"Bakersfield, CA",6,California,29,Kern,35.385574,-119.015009
11/23/2020,AQS,60290010,1,50.1,ug/m3 LC,137,Bakersfield-Golden/M St,1,100,88101,PM2.5 - Local Conditions,12540,"Bakersfield, CA",6,California,29,Kern,35.385574,-119.015009
11/26/2020,AQS,60290010,1,19.1,ug/m3 LC,66,Bakersfield-Golden/M St,1,100,88101,PM2.5 - Local Conditions,12540,"Bakersfield, CA",6,California,29,Kern,35.385574,-119.015009
11/29/2020,AQS,60290010,1,34.9,ug/m3 LC,99,Bakersfield-Golden/M St,1,100,88101,PM2.5 - Local Conditions,12540,"Bakersfield, CA",6,California,29,Kern,35.385574,-119.015009
12/2/2020,AQS,60290010,1,45.4,ug/m3 LC,125,Bakersfield-Golden/M St,1,100,88101,PM2.5 - Local Conditions,12540,"Bakersfield, CA",6,California,29,Kern,35.385574,-119.015009
12/5/2020,AQS,60290010,1,29.2,ug/m3 LC,87,Bakersfield-Golden/M St,1,100,88101,PM2.5 - Local Conditions,12540,"Bakersfield, CA",6,California,29,Kern,35.385574,-119.015009
12/8/2020,AQS,60290010,1,33.3,ug/m3 LC,96,Bakersfield-Golden/M St,1,100,88101,PM2.5 - Local Conditions,12540,"Bakersfield, CA",6,California,29,Kern,35.385574,-119.015009
12/11/2020,AQS,60290010,1,33.9,ug/m3 LC,97,Bakersfield-Golden/M St,1,100,88101,PM2.5 - Local Conditions,12540,"Bakersfield, CA",6,California,29,Kern,35.385574,-119.015009
12/14/2020,AQS,60290010,1,7,ug/m3 LC,29,Bakersfield-Golden/M St,1,100,88101,PM2.5 - Local Conditions,12540,"Bakersfield, CA",6,California,29,Kern,35.385574,-119.015009
