"Date","Source","Site ID","POC","Daily Mean PM2.5 Concentration","UNITS","DAILY_AQI_VALUE","Site Name","DAILY_OBS_COUNT","PERCENT_COMPLETE","AQS_PARAMETER_CODE","AQS_PARAMETER_DESC","CBSA_CODE","CBSA_NAME","STATE_CODE","STATE","COUNTY_CODE","COUNTY","SITE_LATITUDE","SITE_LONGITUDE"
"01/01/2020","AQS","060070008","3","23.5","ug/m3 LC","75","Chico-East Avenue","1","100.0000","88101","PM2.5 - Local Conditions","17020","Chico, CA","06","California","007","Butte","39.76168","-121.84047"
"01/02/2020","AQS","060070008","3","17","ug/m3 LC","61","Chico-East Avenue","1","100.0000","88101","PM2.5 - Local Conditions","17020","Chico, CA","06","California","007","Butte","39.76168","-121.84047"
"01/03/2020","AQS","060070008","3","23.2","ug/m3 LC","74","Chico-East Avenue","1","100.0000","88101","PM2.5 - Local Conditions","17020","Chico, CA","06","California","007","Butte","39.76168","-121.84047"
"01/04/2020","AQS","060070008","3","14","ug/m3 LC","55","Chico-East Avenue","1","100.0000","88101","PM2.5 - Local Conditions","17020","Chico, CA","06","California","007","Butte","39.76168","-121.84047"
"01/05/2020","AQS","060070008","3","16.3","ug/m3 LC","60","Chico-East Avenue","1","100.0000","88101","PM2.5 - Local Conditions","17020","Chico, CA","06","California","007","Butte","39.76168","-121.84047"
"01/06/2020","AQS","060070008","3","11.2","ug/m3 LC","47","Chico-East Avenue","1","100.0000","88101","PM2.5 - Local Conditions","17020","Chico, CA","06","California","007","Butte","39.76168","-121.84047"
"01/07/2020","AQS","060070008","3","21.7","ug/m3 LC","71","Chico-East Avenue","1","100.0000","88101","PM2.5 - Local Conditions","17020","Chico, CA","06","California","007","Butte","39.76168","-121.84047"
"01/08/2020","AQS","060070008","3","20.3","ug/m3 LC","68","Chico-East Avenue","1","100.0000","88101","PM2.5 - Local Conditions","17020","Chico, CA","06","California","007","Butte","39.76168","-121.84047"
"01/09/2020","AQS","060070008","3","7.5","ug/m3 LC","31","Chico-East Avenue","1","100.0000","88101","PM2.5 - Local Conditions","17020","Chico, CA","06","California","007","Butte","39.76168","-121.84047"
"01/10/2020","AQS","060070008","3","9.9","ug/m3 LC","41","Chico-East Avenue","1","100.0000","88101","PM2.5 - Local Conditions","17020","Chico, CA","06","California","007","Butte","39.76168","-121.84047"
"01/11/2020","AQS","060070008","3","9.4","ug/m3 LC","39","Chico-East Avenue","1","100.0000","88101","PM2.5 - Local Conditions","17020","Chico, CA","06","California","007","Butte","39.76168","-121.84047"
"01/12/2020","AQS","060070008","3","7.2","ug/m3 LC","30","Chico-East Avenue","1","100.0000","88101","PM2.5 - Local Conditions","17020","Chico, CA","06","California","007","Butte","39.76168","-121.84047"
"01/13/2020","AQS","060070008","3","2.9","ug/m3 LC","12","Chico-East Avenue","1","100.0000","88101","PM2.5 - Local Conditions","17020","Chico, CA","06","California","007","Butte","39.76168","-121.84047"
"01/14/2020","AQS","060070008","3","5.2","ug/m3 LC","22","Chico-East Avenue","1","100.0000","88101","PM2.5 - Local Conditions","17020","Chico, CA","06","California","007","Butte","39.76168","-121.84047"
"01/15/2020","AQS","060070008","3","11","ug/m3 LC","46","Chico-East Avenue","1","100.0000","88101","PM2.5 - Local Conditions","17020","Chico, CA","06","California","007","Butte","39.76168","-121.84047"
"01/16/2020","AQS","060070008","3","2.9","ug/m3 LC","12","Chico-East Avenue","1","100.0000","88101","PM2.5 - Local Conditions","17020","Chico, CA","06","California","007","Butte","39.76168","-121.84047"
"01/17/2020","AQS","060070008","3","5.2","ug/m3 LC","22","Chico-East Avenue","1","100.0000","88101","PM2.5 - Local Conditions","17020","Chico, CA","06","California","007","Butte","39.76168","-121.84047"
"01/18/2020","AQS","060070008","3","7.4","ug/m3 LC","31","Chico-East Avenue","1","100.0000","88101","PM2.5 - Local Conditions","17020","Chico, CA","06","California","007","Butte","39.76168","-121.84047"
"01/19/2020","AQS","060070008","3","19.4","ug/m3 LC","66","Chico-East Avenue","1","100.0000","88101","PM2.5 - Local Conditions","17020","Chico, CA","06","California","007","Butte","39.76168","-121.84047"
"01/20/2020","AQS","060070008","3","22.1","ug/m3 LC","72","Chico-East Avenue","1","100.0000","88101","PM2.5 - Local Conditions","17020","Chico, CA","06","California","007","Butte","39.76168","-121.84047"
"01/21/2020","AQS","060070008","3","6.6","ug/m3 LC","28","Chico-East Avenue","1","100.0000","88101","PM2.5 - Local Conditions","17020","Chico, CA","06","California","007","Butte","39.76168","-121.84047"
"01/22/2020","AQS","060070008","3","4.6","ug/m3 LC","19","Chico-East Avenue","1","100.0000","88101","PM2.5 - Local Conditions","17020","Chico, CA","06","California","007","Butte","39.76168","-121.84047"
"01/23/2020","AQS","060070008","3","12.6","ug/m3 LC","52","Chico-East Avenue","1","100.0000","88101","PM2.5 - Local Conditions","17020","Chico, CA","06","California","007","Butte","39.76168","-121.84047"
"01/24/2020","AQS","060070008","3","18.1","ug/m3 LC","64","Chico-East Avenue","1","100.0000","88101","PM2.5 - Local Conditions","17020","Chico, CA","06","California","007","Butte","39.76168","-121.84047"
"01/25/2020","AQS","060070008","3","19","ug/m3 LC","66","Chico-East Avenue","1","100.0000","88101","PM2.5 - Local Conditions","17020","Chico, CA","06","California","007","Butte","39.76168","-121.84047"
"01/26/2020","AQS","060070008","3","6.8","ug/m3 LC","28","Chico-East Avenue","1","100.0000","88101","PM2.5 - Local Conditions","17020","Chico, CA","06","California","007","Butte","39.76168","-121.84047"
"01/27/2020","AQS","060070008","3","4.3","ug/m3 LC","18","Chico-East Avenue","1","100.0000","88101","PM2.5 - Local Conditions","17020","Chico, CA","06","California","007","Butte","39.76168","-121.84047"
"01/28/2020","AQS","060070008","3","4.8","ug/m3 LC","20","Chico-East Avenue","1","100.0000","88101","PM2.5 - Local Conditions","17020","Chico, CA","06","California","007","Butte","39.76168","-121.84047"
"01/29/2020","AQS","060070008","3","7.1","ug/m3 LC","30","Chico-East Avenue","1","100.0000","88101","PM2.5 - Local Conditions","17020","Chico, CA","06","California","007","Butte","39.76168","-121.84047"
"01/30/2020","AQS","060070008","3","8.9","ug/m3 LC","37","Chico-East Avenue","1","100.0000","88101","PM2.5 - Local Conditions","17020","Chico, CA","06","California","007","Butte","39.76168","-121.84047"
"01/31/2020","AQS","060070008","3","15.4","ug/m3 LC","58","Chico-East Avenue","1","100.0000","88101","PM2.5 - Local Conditions","17020","Chico, CA","06","California","007","Butte","39.76168","-121.84047"
"02/01/2020","AQS","060070008","3","15.7","ug/m3 LC","59","Chico-East Avenue","1","100.0000","88101","PM2.5 - Local Conditions","17020","Chico, CA","06","California","007","Butte","39.76168","-121.84047"
"02/02/2020","AQS","060070008","3","7.1","ug/m3 LC","30","Chico-East Avenue","1","100.0000","88101","PM2.5 - Local Conditions","17020","Chico, CA","06","California","007","Butte","39.76168","-121.84047"
"02/03/2020","AQS","060070008","3","2.1","ug/m3 LC","9","Chico-East Avenue","1","100.0000","88101","PM2.5 - Local Conditions","17020","Chico, CA","06","California","007","Butte","39.76168","-121.84047"
"02/04/2020","AQS","060070008","3","5.3","ug/m3 LC","22","Chico-East Avenue","1","100.0000","88101","PM2.5 - Local Conditions","17020","Chico, CA","06","California","007","Butte","39.76168","-121.84047"
"02/05/2020","AQS","060070008","3","17.5","ug/m3 LC","62","Chico-East Avenue","1","100.0000","88101","PM2.5 - Local Conditions","17020","Chico, CA","06","California","007","Butte","39.76168","-121.84047"
"02/06/2020","AQS","060070008","3","22.7","ug/m3 LC","73","Chico-East Avenue","1","100.0000","88101","PM2.5 - Local Conditions","17020","Chico, CA","06","California","007","Butte","39.76168","-121.84047"
"02/07/2020","AQS","060070008","3","19.8","ug/m3 LC","67","Chico-East Avenue","1","100.0000","88101","PM2.5 - Local Conditions","17020","Chico, CA","06","California","007","Butte","39.76168","-121.84047"
"02/08/2020","AQS","060070008","3","9.1","ug/m3 LC","38","Chico-East Avenue","1","100.0000","88101","PM2.5 - Local Conditions","17020","Chico, CA","06","California","007","Butte","39.76168","-121.84047"
"02/09/2020","AQS","060070008","3","1.5","ug/m3 LC","6","Chico-East Avenue","1","100.0000","88101","PM2.5 - Local Conditions","17020","Chico, CA","06","California","007","Butte","39.76168","-121.84047"
"02/10/2020","AQS","060070008","3","6","ug/m3 LC","25","Chico-East Avenue","1","100.0000","88101","PM2.5 - Local Conditions","17020","Chico, CA","06","California","007","Butte","39.76168","-121.84047"
"02/11/2020","AQS","060070008","3","5.2","ug/m3 LC","22","Chico-East Avenue","1","100.0000","88101","PM2.5 - Local Conditions","17020","Chico, CA","06","California","007","Butte","39.76168","-121.84047"
"02/12/2020","AQS","060070008","3","8.5","ug/m3 LC","35","Chico-East Avenue","1","100.0000","88101","PM2.5 - Local Conditions","17020","Chico, CA","06","California","007","Butte","39.76168","-121.84047"
"02/13/2020","AQS","060070008","3","11.8","ug/m3 LC","49","Chico-East Avenue","1","100.0000","88101","PM2.5 - Local Conditions","17020","Chico, CA","06","California","007","Butte","39.76168","-121.84047"
"02/14/2020","AQS","060070008","3","16.1","ug/m3 LC","59","Chico-East Avenue","1","100.0000","88101","PM2.5 - Local Conditions","17020","Chico, CA","06","California","007","Butte","39.76168","-121.84047"
"02/15/2020","AQS","060070008","3","16.7","ug/m3 LC","61","Chico-East Avenue","1","100.0000","88101","PM2.5 - Local Conditions","17020","Chico, CA","06","California","007","Butte","39.76168","-121.84047"
"02/16/2020","AQS","060070008","3","12.3","ug/m3 LC","51","Chico-East Avenue","1","100.0000","88101","PM2.5 - Local Conditions","17020","Chico, CA","06","California","007","Butte","39.76168","-121.84047"
"02/17/2020","AQS","060070008","3","4.4","ug/m3 LC","18","Chico-East Avenue","1","100.0000","88101","PM2.5 - Local Conditions","17020","Chico, CA","06","California","007","Butte","39.76168","-121.84047"
"02/18/2020","AQS","060070008","3","5.1","ug/m3 LC","21","Chico-East Avenue","1","100.0000","88101","PM2.5 - Local Conditions","17020","Chico, CA","06","California","007","Butte","39.76168","-121.84047"
"02/19/2020","AQS","060070008","3","12.3","ug/m3 LC","51","Chico-East Avenue","1","100.0000","88101","PM2.5 - Local Conditions","17020","Chico, CA","06","California","007","Butte","39.76168","-121.84047"
"02/20/2020","AQS","060070008","3","14.3","ug/m3 LC","56","Chico-East Avenue","1","100.0000","88101","PM2.5 - Local Conditions","17020","Chico, CA","06","California","007","Butte","39.76168","-121.84047"
"02/21/2020","AQS","060070008","3","12.1","ug/m3 LC","51","Chico-East Avenue","1","100.0000","88101","PM2.5 - Local Conditions","17020","Chico, CA","06","California","007","Butte","39.76168","-121.84047"
"02/22/2020","AQS","060070008","3","9.9","ug/m3 LC","41","Chico-East Avenue","1","100.0000","88101","PM2.5 - Local Conditions","17020","Chico, CA","06","California","007","Butte","39.76168","-121.84047"
"02/23/2020","AQS","060070008","3","10.7","ug/m3 LC","45","Chico-East Avenue","1","100.0000","88101","PM2.5 - Local Conditions","17020","Chico, CA","06","California","007","Butte","39.76168","-121.84047"
"02/24/2020","AQS","060070008","3","5.5","ug/m3 LC","23","Chico-East Avenue","1","100.0000","88101","PM2.5 - Local Conditions","17020","Chico, CA","06","California","007","Butte","39.76168","-121.84047"
"02/25/2020","AQS","060070008","3","2.5","ug/m3 LC","10","Chico-East Avenue","1","100.0000","88101","PM2.5 - Local Conditions","17020","Chico, CA","06","California","007","Butte","39.76168","-121.84047"
"02/26/2020","AQS","060070008","3","7.2","ug/m3 LC","30","Chico-East Avenue","1","100.0000","88101","PM2.5 - Local Conditions","17020","Chico, CA","06","California","007","Butte","39.76168","-121.84047"
"02/27/2020","AQS","060070008","3","9.4","ug/m3 LC","39","Chico-East Avenue","1","100.0000","88101","PM2.5 - Local Conditions","17020","Chico, CA","06","California","007","Butte","39.76168","-121.84047"
"02/28/2020","AQS","060070008","3","11.1","ug/m3 LC","46","Chico-East Avenue","1","100.0000","88101","PM2.5 - Local Conditions","17020","Chico, CA","06","California","007","Butte","39.76168","-121.84047"
"02/29/2020","AQS","060070008","3","8.3","ug/m3 LC","35","Chico-East Avenue","1","100.0000","88101","PM2.5 - Local Conditions","17020","Chico, CA","06","California","007","Butte","39.76168","-121.84047"
"03/01/2020","AQS","060070008","3","2.2","ug/m3 LC","9","Chico-East Avenue","1","100.0000","88101","PM2.5 - Local Conditions","17020","Chico, CA","06","California","007","Butte","39.76168","-121.84047"
"03/02/2020","AQS","060070008","3","2","ug/m3 LC","8","Chico-East Avenue","1","100.0000","88101","PM2.5 - Local Conditions","17020","Chico, CA","06","California","007","Butte","39.76168","-121.84047"
"03/03/2020","AQS","060070008","3","2.9","ug/m3 LC","12","Chico-East Avenue","1","100.0000","88101","PM2.5 - Local Conditions","17020","Chico, CA","06","California","007","Butte","39.76168","-121.84047"
"03/04/2020","AQS","060070008","3","10","ug/m3 LC","42","Chico-East Avenue","1","100.0000","88101","PM2.5 - Local Conditions","17020","Chico, CA","06","California","007","Butte","39.76168","-121.84047"
"03/05/2020","AQS","060070008","3","13.2","ug/m3 LC","53","Chico-East Avenue","1","100.0000","88101","PM2.5 - Local Conditions","17020","Chico, CA","06","California","007","Butte","39.76168","-121.84047"
"03/06/2020","AQS","060070008","3","8.2","ug/m3 LC","34","Chico-East Avenue","1","100.0000","88101","PM2.5 - Local Conditions","17020","Chico, CA","06","California","007","Butte","39.76168","-121.84047"
"03/07/2020","AQS","060070008","3","2.9","ug/m3 LC","12","Chico-East Avenue","1","100.0000","88101","PM2.5 - Local Conditions","17020","Chico, CA","06","California","007","Butte","39.76168","-121.84047"
"03/08/2020","AQS","060070008","3","3.1","ug/m3 LC","13","Chico-East Avenue","1","100.0000","88101","PM2.5 - Local Conditions","17020","Chico, CA","06","California","007","Butte","39.76168","-121.84047"
"03/09/2020","AQS","060070008","3","3.9","ug/m3 LC","16","Chico-East Avenue","1","100.0000","88101","PM2.5 - Local Conditions","17020","Chico, CA","06","California","007","Butte","39.76168","-121.84047"
"03/10/2020","AQS","060070008","3","3.4","ug/m3 LC","14","Chico-East Avenue","1","100.0000","88101","PM2.5 - Local Conditions","17020","Chico, CA","06","California","007","Butte","39.76168","-121.84047"
"03/11/2020","AQS","060070008","3","5","ug/m3 LC","21","Chico-East Avenue","1","100.0000","88101","PM2.5 - Local Conditions","17020","Chico, CA","06","California","007","Butte","39.76168","-121.84047"
"03/12/2020","AQS","060070008","3","4.7","ug/m3 LC","20","Chico-East Avenue","1","100.0000","88101","PM2.5 - Local Conditions","17020","Chico, CA","06","California","007","Butte","39.76168","-121.84047"
"03/13/2020","AQS","060070008","3","9","ug/m3 LC","38","Chico-East Avenue","1","100.0000","88101","PM2.5 - Local Conditions","17020","Chico, CA","06","California","007","Butte","39.76168","-121.84047"
"03/14/2020","AQS","060070008","3","3.7","ug/m3 LC","15","Chico-East Avenue","1","100.0000","88101","PM2.5 - Local Conditions","17020","Chico, CA","06","California","007","Butte","39.76168","-121.84047"
"03/15/2020","AQS","060070008","3","2.6","ug/m3 LC","11","Chico-East Avenue","1","100.0000","88101","PM2.5 - Local Conditions","17020","Chico, CA","06","California","007","Butte","39.76168","-121.84047"
"03/16/2020","AQS","060070008","3","4.2","ug/m3 LC","18","Chico-East Avenue","1","100.0000","88101","PM2.5 - Local Conditions","17020","Chico, CA","06","California","007","Butte","39.76168","-121.84047"
"03/17/2020","AirNow","060070008","3","2.6","ug/m3 LC","11","Chico-East Avenue","1","100.0000","88101","PM2.5 - Local Conditions","17020","Chico, CA","06","California","007","Butte","39.76168","-121.84047"
"03/18/2020","AQS","060070008","3","2.9","ug/m3 LC","12","Chico-East Avenue","1","100.0000","88101","PM2.5 - Local Conditions","17020","Chico, CA","06","California","007","Butte","39.76168","-121.84047"
"03/19/2020","AQS","060070008","3","4.9","ug/m3 LC","20","Chico-East Avenue","1","100.0000","88101","PM2.5 - Local Conditions","17020","Chico, CA","06","California","007","Butte","39.76168","-121.84047"
"03/20/2020","AQS","060070008","3","3.7","ug/m3 LC","15","Chico-East Avenue","1","100.0000","88101","PM2.5 - Local Conditions","17020","Chico, CA","06","California","007","Butte","39.76168","-121.84047"
"03/21/2020","AQS","060070008","3","5.8","ug/m3 LC","24","Chico-East Avenue","1","100.0000","88101","PM2.5 - Local Conditions","17020","Chico, CA","06","California","007","Butte","39.76168","-121.84047"
"03/22/2020","AQS","060070008","3","4.6","ug/m3 LC","19","Chico-East Avenue","1","100.0000","88101","PM2.5 - Local Conditions","17020","Chico, CA","06","California","007","Butte","39.76168","-121.84047"
"03/23/2020","AQS","060070008","3","5.3","ug/m3 LC","22","Chico-East Avenue","1","100.0000","88101","PM2.5 - Local Conditions","17020","Chico, CA","06","California","007","Butte","39.76168","-121.84047"
"03/24/2020","AQS","060070008","3","2.6","ug/m3 LC","11","Chico-East Avenue","1","100.0000","88101","PM2.5 - Local Conditions","17020","Chico, CA","06","California","007","Butte","39.76168","-121.84047"
"03/25/2020","AQS","060070008","3","1.5","ug/m3 LC","6","Chico-East Avenue","1","100.0000","88101","PM2.5 - Local Conditions","17020","Chico, CA","06","California","007","Butte","39.76168","-121.84047"
"03/26/2020","AQS","060070008","3","4.7","ug/m3 LC","20","Chico-East Avenue","1","100.0000","88101","PM2.5 - Local Conditions","17020","Chico, CA","06","California","007","Butte","39.76168","-121.84047"
"03/27/2020","AQS","060070008","3","4.5","ug/m3 LC","19","Chico-East Avenue","1","100.0000","88101","PM2.5 - Local Conditions","17020","Chico, CA","06","California","007","Butte","39.76168","-121.84047"
"03/28/2020","AQS","060070008","3","8.6","ug/m3 LC","36","Chico-East Avenue","1","100.0000","88101","PM2.5 - Local Conditions","17020","Chico, CA","06","California","007","Butte","39.76168","-121.84047"
"03/29/2020","AQS","060070008","3","5.5","ug/m3 LC","23","Chico-East Avenue","1","100.0000","88101","PM2.5 - Local Conditions","17020","Chico, CA","06","California","007","Butte","39.76168","-121.84047"
"03/30/2020","AQS","060070008","3","3.9","ug/m3 LC","16","Chico-East Avenue","1","100.0000","88101","PM2.5 - Local Conditions","17020","Chico, CA","06","California","007","Butte","39.76168","-121.84047"
"03/31/2020","AQS","060070008","3","1.7","ug/m3 LC","7","Chico-East Avenue","1","100.0000","88101","PM2.5 - Local Conditions","17020","Chico, CA","06","California","007","Butte","39.76168","-121.84047"
"04/01/2020","AQS","060070008","3","1.2","ug/m3 LC","5","Chico-East Avenue","1","100.0000","88101","PM2.5 - Local Conditions","17020","Chico, CA","06","California","007","Butte","39.76168","-121.84047"
"04/02/2020","AQS","060070008","3","1.2","ug/m3 LC","5","Chico-East Avenue","1","100.0000","88101","PM2.5 - Local Conditions","17020","Chico, CA","06","California","007","Butte","39.76168","-121.84047"
"04/03/2020","AQS","060070008","3","2.7","ug/m3 LC","11","Chico-East Avenue","1","100.0000","88101","PM2.5 - Local Conditions","17020","Chico, CA","06","California","007","Butte","39.76168","-121.84047"
"04/04/2020","AQS","060070008","3","3.5","ug/m3 LC","15","Chico-East Avenue","1","100.0000","88101","PM2.5 - Local Conditions","17020","Chico, CA","06","California","007","Butte","39.76168","-121.84047"
"04/05/2020","AQS","060070008","3","2.6","ug/m3 LC","11","Chico-East Avenue","1","100.0000","88101","PM2.5 - Local Conditions","17020","Chico, CA","06","California","007","Butte","39.76168","-121.84047"
"04/06/2020","AQS","060070008","3","3.6","ug/m3 LC","15","Chico-East Avenue","1","100.0000","88101","PM2.5 - Local Conditions","17020","Chico, CA","06","California","007","Butte","39.76168","-121.84047"
"04/07/2020","AQS","060070008","3","3.7","ug/m3 LC","15","Chico-East Avenue","1","100.0000","88101","PM2.5 - Local Conditions","17020","Chico, CA","06","California","007","Butte","39.76168","-121.84047"
"04/08/2020","AQS","060070008","3","4","ug/m3 LC","17","Chico-East Avenue","1","100.0000","88101","PM2.5 - Local Conditions","17020","Chico, CA","06","California","007","Butte","39.76168","-121.84047"
"04/09/2020","AQS","060070008","3","5","ug/m3 LC","21","Chico-East Avenue","1","100.0000","88101","PM2.5 - Local Conditions","17020","Chico, CA","06","California","007","Butte","39.76168","-121.84047"
"04/10/2020","AQS","060070008","3","3.4","ug/m3 LC","14","Chico-East Avenue","1","100.0000","88101","PM2.5 - Local Conditions","17020","Chico, CA","06","California","007","Butte","39.76168","-121.84047"
"04/11/2020","AQS","060070008","3","7.1","ug/m3 LC","30","Chico-East Avenue","1","100.0000","88101","PM2.5 - Local Conditions","17020","Chico, CA","06","California","007","Butte","39.76168","-121.84047"
"04/12/2020","AQS","060070008","3","4.4","ug/m3 LC","18","Chico-East Avenue","1","100.0000","88101","PM2.5 - Local Conditions","17020","Chico, CA","06","California","007","Butte","39.76168","-121.84047"
"04/13/2020","AQS","060070008","3","3.3","ug/m3 LC","14","Chico-East Avenue","1","100.0000","88101","PM2.5 - Local Conditions","17020","Chico, CA","06","California","007","Butte","39.76168","-121.84047"
"04/14/2020","AQS","060070008","3","2.7","ug/m3 LC","11","Chico-East Avenue","1","100.0000","88101","PM2.5 - Local Conditions","17020","Chico, CA","06","California","007","Butte","39.76168","-121.84047"
"04/15/2020","AQS","060070008","3","4.6","ug/m3 LC","19","Chico-East Avenue","1","100.0000","88101","PM2.5 - Local Conditions","17020","Chico, CA","06","California","007","Butte","39.76168","-121.84047"
"04/16/2020","AQS","060070008","3","4.7","ug/m3 LC","20","Chico-East Avenue","1","100.0000","88101","PM2.5 - Local Conditions","17020","Chico, CA","06","California","007","Butte","39.76168","-121.84047"
"04/17/2020","AQS","060070008","3","5.7","ug/m3 LC","24","Chico-East Avenue","1","100.0000","88101","PM2.5 - Local Conditions","17020","Chico, CA","06","California","007","Butte","39.76168","-121.84047"
"04/18/2020","AQS","060070008","3","6.1","ug/m3 LC","25","Chico-East Avenue","1","100.0000","88101","PM2.5 - Local Conditions","17020","Chico, CA","06","California","007","Butte","39.76168","-121.84047"
"04/19/2020","AQS","060070008","3","4.8","ug/m3 LC","20","Chico-East Avenue","1","100.0000","88101","PM2.5 - Local Conditions","17020","Chico, CA","06","California","007","Butte","39.76168","-121.84047"
"04/20/2020","AQS","060070008","3","6.5","ug/m3 LC","27","Chico-East Avenue","1","100.0000","88101","PM2.5 - Local Conditions","17020","Chico, CA","06","California","007","Butte","39.76168","-121.84047"
"04/21/2020","AQS","060070008","3","6.3","ug/m3 LC","26","Chico-East Avenue","1","100.0000","88101","PM2.5 - Local Conditions","17020","Chico, CA","06","California","007","Butte","39.76168","-121.84047"
"04/22/2020","AQS","060070008","3","5.4","ug/m3 LC","23","Chico-East Avenue","1","100.0000","88101","PM2.5 - Local Conditions","17020","Chico, CA","06","California","007","Butte","39.76168","-121.84047"
"04/23/2020","AQS","060070008","3","2.9","ug/m3 LC","12","Chico-East Avenue","1","100.0000","88101","PM2.5 - Local Conditions","17020","Chico, CA","06","California","007","Butte","39.76168","-121.84047"
"04/24/2020","AQS","060070008","3","2.7","ug/m3 LC","11","Chico-East Avenue","1","100.0000","88101","PM2.5 - Local Conditions","17020","Chico, CA","06","California","007","Butte","39.76168","-121.84047"
"04/25/2020","AQS","060070008","3","4.2","ug/m3 LC","18","Chico-East Avenue","1","100.0000","88101","PM2.5 - Local Conditions","17020","Chico, CA","06","California","007","Butte","39.76168","-121.84047"
"04/26/2020","AQS","060070008","3","6.2","ug/m3 LC","26","Chico-East Avenue","1","100.0000","88101","PM2.5 - Local Conditions","17020","Chico, CA","06","California","007","Butte","39.76168","-121.84047"
"04/27/2020","AQS","060070008","3","3.5","ug/m3 LC","15","Chico-East Avenue","1","100.0000","88101","PM2.5 - Local Conditions","17020","Chico, CA","06","California","007","Butte","39.76168","-121.84047"
"04/28/2020","AQS","060070008","3","2.2","ug/m3 LC","9","Chico-East Avenue","1","100.0000","88101","PM2.5 - Local Conditions","17020","Chico, CA","06","California","007","Butte","39.76168","-121.84047"
"04/29/2020","AQS","060070008","3","5.9","ug/m3 LC","25","Chico-East Avenue","1","100.0000","88101","PM2.5 - Local Conditions","17020","Chico, CA","06","California","007","Butte","39.76168","-121.84047"
"04/30/2020","AQS","060070008","3","3.9","ug/m3 LC","16","Chico-East Avenue","1","100.0000","88101","PM2.5 - Local Conditions","17020","Chico, CA","06","California","007","Butte","39.76168","-121.84047"
"05/01/2020","AQS","060070008","3","5.5","ug/m3 LC","23","Chico-East Avenue","1","100.0000","88101","PM2.5 - Local Conditions","17020","Chico, CA","06","California","007","Butte","39.76168","-121.84047"
"05/02/2020","AQS","060070008","3","2.6","ug/m3 LC","11","Chico-East Avenue","1","100.0000","88101","PM2.5 - Local Conditions","17020","Chico, CA","06","California","007","Butte","39.76168","-121.84047"
"05/03/2020","AQS","060070008","3","1.7","ug/m3 LC","7","Chico-East Avenue","1","100.0000","88101","PM2.5 - Local Conditions","17020","Chico, CA","06","California","007","Butte","39.76168","-121.84047"
"05/08/2020","AQS","060070008","3","5.6","ug/m3 LC","23","Chico-East Avenue","1","100.0000","88101","PM2.5 - Local Conditions","17020","Chico, CA","06","California","007","Butte","39.76168","-121.84047"
"05/09/2020","AQS","060070008","3","7.5","ug/m3 LC","31","Chico-East Avenue","1","100.0000","88101","PM2.5 - Local Conditions","17020","Chico, CA","06","California","007","Butte","39.76168","-121.84047"
"05/10/2020","AQS","060070008","3","8.2","ug/m3 LC","34","Chico-East Avenue","1","100.0000","88101","PM2.5 - Local Conditions","17020","Chico, CA","06","California","007","Butte","39.76168","-121.84047"
"05/11/2020","AQS","060070008","3","5","ug/m3 LC","21","Chico-East Avenue","1","100.0000","88101","PM2.5 - Local Conditions","17020","Chico, CA","06","California","007","Butte","39.76168","-121.84047"
"05/12/2020","AQS","060070008","3","2","ug/m3 LC","8","Chico-East Avenue","1","100.0000","88101","PM2.5 - Local Conditions","17020","Chico, CA","06","California","007","Butte","39.76168","-121.84047"
"05/13/2020","AQS","060070008","3","3.5","ug/m3 LC","15","Chico-East Avenue","1","100.0000","88101","PM2.5 - Local Conditions","17020","Chico, CA","06","California","007","Butte","39.76168","-121.84047"
"05/14/2020","AQS","060070008","3","4.6","ug/m3 LC","19","Chico-East Avenue","1","100.0000","88101","PM2.5 - Local Conditions","17020","Chico, CA","06","California","007","Butte","39.76168","-121.84047"
"05/15/2020","AQS","060070008","3","3.4","ug/m3 LC","14","Chico-East Avenue","1","100.0000","88101","PM2.5 - Local Conditions","17020","Chico, CA","06","California","007","Butte","39.76168","-121.84047"
"05/16/2020","AQS","060070008","3","3.3","ug/m3 LC","14","Chico-East Avenue","1","100.0000","88101","PM2.5 - Local Conditions","17020","Chico, CA","06","California","007","Butte","39.76168","-121.84047"
"05/17/2020","AQS","060070008","3","2.9","ug/m3 LC","12","Chico-East Avenue","1","100.0000","88101","PM2.5 - Local Conditions","17020","Chico, CA","06","California","007","Butte","39.76168","-121.84047"
"05/18/2020","AQS","060070008","3","2.1","ug/m3 LC","9","Chico-East Avenue","1","100.0000","88101","PM2.5 - Local Conditions","17020","Chico, CA","06","California","007","Butte","39.76168","-121.84047"
"05/19/2020","AQS","060070008","3","1.8","ug/m3 LC","8","Chico-East Avenue","1","100.0000","88101","PM2.5 - Local Conditions","17020","Chico, CA","06","California","007","Butte","39.76168","-121.84047"
"05/20/2020","AQS","060070008","3","3.6","ug/m3 LC","15","Chico-East Avenue","1","100.0000","88101","PM2.5 - Local Conditions","17020","Chico, CA","06","California","007","Butte","39.76168","-121.84047"
"05/21/2020","AQS","060070008","3","2.9","ug/m3 LC","12","Chico-East Avenue","1","100.0000","88101","PM2.5 - Local Conditions","17020","Chico, CA","06","California","007","Butte","39.76168","-121.84047"
"05/22/2020","AQS","060070008","3","1.2","ug/m3 LC","5","Chico-East Avenue","1","100.0000","88101","PM2.5 - Local Conditions","17020","Chico, CA","06","California","007","Butte","39.76168","-121.84047"
"05/23/2020","AQS","060070008","3","2.5","ug/m3 LC","10","Chico-East Avenue","1","100.0000","88101","PM2.5 - Local Conditions","17020","Chico, CA","06","California","007","Butte","39.76168","-121.84047"
"05/24/2020","AQS","060070008","3","3.4","ug/m3 LC","14","Chico-East Avenue","1","100.0000","88101","PM2.5 - Local Conditions","17020","Chico, CA","06","California","007","Butte","39.76168","-121.84047"
"05/25/2020","AQS","060070008","3","4.7","ug/m3 LC","20","Chico-East Avenue","1","100.0000","88101","PM2.5 - Local Conditions","17020","Chico, CA","06","California","007","Butte","39.76168","-121.84047"
"05/26/2020","AQS","060070008","3","5.7","ug/m3 LC","24","Chico-East Avenue","1","100.0000","88101","PM2.5 - Local Conditions","17020","Chico, CA","06","California","007","Butte","39.76168","-121.84047"
"05/27/2020","AQS","060070008","3","6.1","ug/m3 LC","25","Chico-East Avenue","1","100.0000","88101","PM2.5 - Local Conditions","17020","Chico, CA","06","California","007","Butte","39.76168","-121.84047"
"05/28/2020","AQS","060070008","3","5.8","ug/m3 LC","24","Chico-East Avenue","1","100.0000","88101","PM2.5 - Local Conditions","17020","Chico, CA","06","California","007","Butte","39.76168","-121.84047"
"05/29/2020","AQS","060070008","3","6.6","ug/m3 LC","28","Chico-East Avenue","1","100.0000","88101","PM2.5 - Local Conditions","17020","Chico, CA","06","California","007","Butte","39.76168","-121.84047"
"05/30/2020","AQS","060070008","3","3.2","ug/m3 LC","13","Chico-East Avenue","1","100.0000","88101","PM2.5 - Local Conditions","17020","Chico, CA","06","California","007","Butte","39.76168","-121.84047"
"05/31/2020","AQS","060070008","3","4","ug/m3 LC","17","Chico-East Avenue","1","100.0000","88101","PM2.5 - Local Conditions","17020","Chico, CA","06","California","007","Butte","39.76168","-121.84047"
"06/01/2020","AQS","060070008","3","5.1","ug/m3 LC","21","Chico-East Avenue","1","100.0000","88101","PM2.5 - Local Conditions","17020","Chico, CA","06","California","007","Butte","39.76168","-121.84047"
"06/02/2020","AQS","060070008","3","5.2","ug/m3 LC","22","Chico-East Avenue","1","100.0000","88101","PM2.5 - Local Conditions","17020","Chico, CA","06","California","007","Butte","39.76168","-121.84047"
"06/03/2020","AQS","060070008","3","5.3","ug/m3 LC","22","Chico-East Avenue","1","100.0000","88101","PM2.5 - Local Conditions","17020","Chico, CA","06","California","007","Butte","39.76168","-121.84047"
"06/04/2020","AQS","060070008","3","5.9","ug/m3 LC","25","Chico-East Avenue","1","100.0000","88101","PM2.5 - Local Conditions","17020","Chico, CA","06","California","007","Butte","39.76168","-121.84047"
"06/05/2020","AQS","060070008","3","11","ug/m3 LC","46","Chico-East Avenue","1","100.0000","88101","PM2.5 - Local Conditions","17020","Chico, CA","06","California","007","Butte","39.76168","-121.84047"
"06/06/2020","AQS","060070008","3","4","ug/m3 LC","17","Chico-East Avenue","1","100.0000","88101","PM2.5 - Local Conditions","17020","Chico, CA","06","California","007","Butte","39.76168","-121.84047"
"06/07/2020","AQS","060070008","3","2","ug/m3 LC","8","Chico-East Avenue","1","100.0000","88101","PM2.5 - Local Conditions","17020","Chico, CA","06","California","007","Butte","39.76168","-121.84047"
"06/08/2020","AQS","060070008","3","1.2","ug/m3 LC","5","Chico-East Avenue","1","100.0000","88101","PM2.5 - Local Conditions","17020","Chico, CA","06","California","007","Butte","39.76168","-121.84047"
"06/09/2020","AQS","060070008","3","3","ug/m3 LC","13","Chico-East Avenue","1","100.0000","88101","PM2.5 - Local Conditions","17020","Chico, CA","06","California","007","Butte","39.76168","-121.84047"
"06/10/2020","AQS","060070008","3","3.7","ug/m3 LC","15","Chico-East Avenue","1","100.0000","88101","PM2.5 - Local Conditions","17020","Chico, CA","06","California","007","Butte","39.76168","-121.84047"
"06/11/2020","AQS","060070008","3","4","ug/m3 LC","17","Chico-East Avenue","1","100.0000","88101","PM2.5 - Local Conditions","17020","Chico, CA","06","California","007","Butte","39.76168","-121.84047"
"06/12/2020","AQS","060070008","3","3.4","ug/m3 LC","14","Chico-East Avenue","1","100.0000","88101","PM2.5 - Local Conditions","17020","Chico, CA","06","California","007","Butte","39.76168","-121.84047"
"06/13/2020","AQS","060070008","3","3.7","ug/m3 LC","15","Chico-East Avenue","1","100.0000","88101","PM2.5 - Local Conditions","17020","Chico, CA","06","California","007","Butte","39.76168","-121.84047"
"06/14/2020","AQS","060070008","3","2.4","ug/m3 LC","10","Chico-East Avenue","1","100.0000","88101","PM2.5 - Local Conditions","17020","Chico, CA","06","California","007","Butte","39.76168","-121.84047"
"06/15/2020","AQS","060070008","3","3.1","ug/m3 LC","13","Chico-East Avenue","1","100.0000","88101","PM2.5 - Local Conditions","17020","Chico, CA","06","California","007","Butte","39.76168","-121.84047"
"06/16/2020","AQS","060070008","3","1.5","ug/m3 LC","6","Chico-East Avenue","1","100.0000","88101","PM2.5 - Local Conditions","17020","Chico, CA","06","California","007","Butte","39.76168","-121.84047"
"06/17/2020","AQS","060070008","3","3.3","ug/m3 LC","14","Chico-East Avenue","1","100.0000","88101","PM2.5 - Local Conditions","17020","Chico, CA","06","California","007","Butte","39.76168","-121.84047"
"06/18/2020","AQS","060070008","3","2.5","ug/m3 LC","10","Chico-East Avenue","1","100.0000","88101","PM2.5 - Local Conditions","17020","Chico, CA","06","California","007","Butte","39.76168","-121.84047"
"06/19/2020","AQS","060070008","3","4.7","ug/m3 LC","20","Chico-East Avenue","1","100.0000","88101","PM2.5 - Local Conditions","17020","Chico, CA","06","California","007","Butte","39.76168","-121.84047"
"06/20/2020","AQS","060070008","3","9.1","ug/m3 LC","38","Chico-East Avenue","1","100.0000","88101","PM2.5 - Local Conditions","17020","Chico, CA","06","California","007","Butte","39.76168","-121.84047"
"06/21/2020","AQS","060070008","3","6.9","ug/m3 LC","29","Chico-East Avenue","1","100.0000","88101","PM2.5 - Local Conditions","17020","Chico, CA","06","California","007","Butte","39.76168","-121.84047"
"06/22/2020","AQS","060070008","3","8.8","ug/m3 LC","37","Chico-East Avenue","1","100.0000","88101","PM2.5 - Local Conditions","17020","Chico, CA","06","California","007","Butte","39.76168","-121.84047"
"06/23/2020","AQS","060070008","3","11.8","ug/m3 LC","49","Chico-East Avenue","1","100.0000","88101","PM2.5 - Local Conditions","17020","Chico, CA","06","California","007","Butte","39.76168","-121.84047"
"06/24/2020","AQS","060070008","3","9.3","ug/m3 LC","39","Chico-East Avenue","1","100.0000","88101","PM2.5 - Local Conditions","17020","Chico, CA","06","California","007","Butte","39.76168","-121.84047"
"06/25/2020","AQS","060070008","3","11.2","ug/m3 LC","47","Chico-East Avenue","1","100.0000","88101","PM2.5 - Local Conditions","17020","Chico, CA","06","California","007","Butte","39.76168","-121.84047"
"06/26/2020","AQS","060070008","3","12.9","ug/m3 LC","53","Chico-East Avenue","1","100.0000","88101","PM2.5 - Local Conditions","17020","Chico, CA","06","California","007","Butte","39.76168","-121.84047"
"06/27/2020","AQS","060070008","3","8.9","ug/m3 LC","37","Chico-East Avenue","1","100.0000","88101","PM2.5 - Local Conditions","17020","Chico, CA","06","California","007","Butte","39.76168","-121.84047"
"06/28/2020","AQS","060070008","3","8","ug/m3 LC","33","Chico-East Avenue","1","100.0000","88101","PM2.5 - Local Conditions","17020","Chico, CA","06","California","007","Butte","39.76168","-121.84047"
"06/29/2020","AQS","060070008","3","2","ug/m3 LC","8","Chico-East Avenue","1","100.0000","88101","PM2.5 - Local Conditions","17020","Chico, CA","06","California","007","Butte","39.76168","-121.84047"
"06/30/2020","AQS","060070008","3","4.2","ug/m3 LC","18","Chico-East Avenue","1","100.0000","88101","PM2.5 - Local Conditions","17020","Chico, CA","06","California","007","Butte","39.76168","-121.84047"
"07/01/2020","AQS","060070008","3","7.1","ug/m3 LC","30","Chico-East Avenue","1","100.0000","88101","PM2.5 - Local Conditions","17020","Chico, CA","06","California","007","Butte","39.76168","-121.84047"
"07/02/2020","AQS","060070008","3","9.2","ug/m3 LC","38","Chico-East Avenue","1","100.0000","88101","PM2.5 - Local Conditions","17020","Chico, CA","06","California","007","Butte","39.76168","-121.84047"
"07/03/2020","AQS","060070008","3","8.6","ug/m3 LC","36","Chico-East Avenue","1","100.0000","88101","PM2.5 - Local Conditions","17020","Chico, CA","06","California","007","Butte","39.76168","-121.84047"
"07/04/2020","AQS","060070008","3","12.3","ug/m3 LC","51","Chico-East Avenue","1","100.0000","88101","PM2.5 - Local Conditions","17020","Chico, CA","06","California","007","Butte","39.76168","-121.84047"
"07/05/2020","AQS","060070008","3","7","ug/m3 LC","29","Chico-East Avenue","1","100.0000","88101","PM2.5 - Local Conditions","17020","Chico, CA","06","California","007","Butte","39.76168","-121.84047"
"07/06/2020","AQS","060070008","3","8.7","ug/m3 LC","36","Chico-East Avenue","1","100.0000","88101","PM2.5 - Local Conditions","17020","Chico, CA","06","California","007","Butte","39.76168","-121.84047"
"07/07/2020","AQS","060070008","3","7","ug/m3 LC","29","Chico-East Avenue","1","100.0000","88101","PM2.5 - Local Conditions","17020","Chico, CA","06","California","007","Butte","39.76168","-121.84047"
"07/08/2020","AQS","060070008","3","6.2","ug/m3 LC","26","Chico-East Avenue","1","100.0000","88101","PM2.5 - Local Conditions","17020","Chico, CA","06","California","007","Butte","39.76168","-121.84047"
"07/09/2020","AQS","060070008","3","7","ug/m3 LC","29","Chico-East Avenue","1","100.0000","88101","PM2.5 - Local Conditions","17020","Chico, CA","06","California","007","Butte","39.76168","-121.84047"
"07/10/2020","AQS","060070008","3","5.9","ug/m3 LC","25","Chico-East Avenue","1","100.0000","88101","PM2.5 - Local Conditions","17020","Chico, CA","06","California","007","Butte","39.76168","-121.84047"
"07/11/2020","AQS","060070008","3","4.4","ug/m3 LC","18","Chico-East Avenue","1","100.0000","88101","PM2.5 - Local Conditions","17020","Chico, CA","06","California","007","Butte","39.76168","-121.84047"
"07/12/2020","AQS","060070008","3","5.1","ug/m3 LC","21","Chico-East Avenue","1","100.0000","88101","PM2.5 - Local Conditions","17020","Chico, CA","06","California","007","Butte","39.76168","-121.84047"
"07/13/2020","AQS","060070008","3","7.1","ug/m3 LC","30","Chico-East Avenue","1","100.0000","88101","PM2.5 - Local Conditions","17020","Chico, CA","06","California","007","Butte","39.76168","-121.84047"
"07/14/2020","AQS","060070008","3","11.9","ug/m3 LC","50","Chico-East Avenue","1","100.0000","88101","PM2.5 - Local Conditions","17020","Chico, CA","06","California","007","Butte","39.76168","-121.84047"
"07/15/2020","AQS","060070008","3","13.3","ug/m3 LC","54","Chico-East Avenue","1","100.0000","88101","PM2.5 - Local Conditions","17020","Chico, CA","06","California","007","Butte","39.76168","-121.84047"
"07/16/2020","AQS","060070008","3","9.4","ug/m3 LC","39","Chico-East Avenue","1","100.0000","88101","PM2.5 - Local Conditions","17020","Chico, CA","06","California","007","Butte","39.76168","-121.84047"
"07/17/2020","AQS","060070008","3","6.8","ug/m3 LC","28","Chico-East Avenue","1","100.0000","88101","PM2.5 - Local Conditions","17020","Chico, CA","06","California","007","Butte","39.76168","-121.84047"
"07/18/2020","AQS","060070008","3","8.9","ug/m3 LC","37","Chico-East Avenue","1","100.0000","88101","PM2.5 - Local Conditions","17020","Chico, CA","06","California","007","Butte","39.76168","-121.84047"
"07/19/2020","AQS","060070008","3","11.6","ug/m3 LC","48","Chico-East Avenue","1","100.0000","88101","PM2.5 - Local Conditions","17020","Chico, CA","06","California","007","Butte","39.76168","-121.84047"
"07/20/2020","AQS","060070008","3","8","ug/m3 LC","33","Chico-East Avenue","1","100.0000","88101","PM2.5 - Local Conditions","17020","Chico, CA","06","California","007","Butte","39.76168","-121.84047"
"07/21/2020","AQS","060070008","3","8.5","ug/m3 LC","35","Chico-East Avenue","1","100.0000","88101","PM2.5 - Local Conditions","17020","Chico, CA","06","California","007","Butte","39.76168","-121.84047"
"07/22/2020","AQS","060070008","3","7.8","ug/m3 LC","33","Chico-East Avenue","1","100.0000","88101","PM2.5 - Local Conditions","17020","Chico, CA","06","California","007","Butte","39.76168","-121.84047"
"07/23/2020","AQS","060070008","3","6.7","ug/m3 LC","28","Chico-East Avenue","1","100.0000","88101","PM2.5 - Local Conditions","17020","Chico, CA","06","California","007","Butte","39.76168","-121.84047"
"07/24/2020","AQS","060070008","3","8.4","ug/m3 LC","35","Chico-East Avenue","1","100.0000","88101","PM2.5 - Local Conditions","17020","Chico, CA","06","California","007","Butte","39.76168","-121.84047"
"07/25/2020","AQS","060070008","3","8.5","ug/m3 LC","35","Chico-East Avenue","1","100.0000","88101","PM2.5 - Local Conditions","17020","Chico, CA","06","California","007","Butte","39.76168","-121.84047"
"07/26/2020","AQS","060070008","3","10.5","ug/m3 LC","44","Chico-East Avenue","1","100.0000","88101","PM2.5 - Local Conditions","17020","Chico, CA","06","California","007","Butte","39.76168","-121.84047"
"07/27/2020","AQS","060070008","3","8.4","ug/m3 LC","35","Chico-East Avenue","1","100.0000","88101","PM2.5 - Local Conditions","17020","Chico, CA","06","California","007","Butte","39.76168","-121.84047"
"07/28/2020","AQS","060070008","3","9.9","ug/m3 LC","41","Chico-East Avenue","1","100.0000","88101","PM2.5 - Local Conditions","17020","Chico, CA","06","California","007","Butte","39.76168","-121.84047"
"07/29/2020","AQS","060070008","3","8.3","ug/m3 LC","35","Chico-East Avenue","1","100.0000","88101","PM2.5 - Local Conditions","17020","Chico, CA","06","California","007","Butte","39.76168","-121.84047"
"08/01/2020","AQS","060070008","3","6.5","ug/m3 LC","27","Chico-East Avenue","1","100.0000","88101","PM2.5 - Local Conditions","17020","Chico, CA","06","California","007","Butte","39.76168","-121.84047"
"08/02/2020","AQS","060070008","3","7","ug/m3 LC","29","Chico-East Avenue","1","100.0000","88101","PM2.5 - Local Conditions","17020","Chico, CA","06","California","007","Butte","39.76168","-121.84047"
"08/03/2020","AQS","060070008","3","7.7","ug/m3 LC","32","Chico-East Avenue","1","100.0000","88101","PM2.5 - Local Conditions","17020","Chico, CA","06","California","007","Butte","39.76168","-121.84047"
"08/04/2020","AQS","060070008","3","6.9","ug/m3 LC","29","Chico-East Avenue","1","100.0000","88101","PM2.5 - Local Conditions","17020","Chico, CA","06","California","007","Butte","39.76168","-121.84047"
"08/05/2020","AQS","060070008","3","8","ug/m3 LC","33","Chico-East Avenue","1","100.0000","88101","PM2.5 - Local Conditions","17020","Chico, CA","06","California","007","Butte","39.76168","-121.84047"
"08/06/2020","AQS","060070008","3","8.2","ug/m3 LC","34","Chico-East Avenue","1","100.0000","88101","PM2.5 - Local Conditions","17020","Chico, CA","06","California","007","Butte","39.76168","-121.84047"
"08/07/2020","AQS","060070008","3","7.7","ug/m3 LC","32","Chico-East Avenue","1","100.0000","88101","PM2.5 - Local Conditions","17020","Chico, CA","06","California","007","Butte","39.76168","-121.84047"
"08/08/2020","AQS","060070008","3","8.8","ug/m3 LC","37","Chico-East Avenue","1","100.0000","88101","PM2.5 - Local Conditions","17020","Chico, CA","06","California","007","Butte","39.76168","-121.84047"
"08/09/2020","AQS","060070008","3","8.9","ug/m3 LC","37","Chico-East Avenue","1","100.0000","88101","PM2.5 - Local Conditions","17020","Chico, CA","06","California","007","Butte","39.76168","-121.84047"
"08/10/2020","AQS","060070008","3","10.5","ug/m3 LC","44","Chico-East Avenue","1","100.0000","88101","PM2.5 - Local Conditions","17020","Chico, CA","06","California","007","Butte","39.76168","-121.84047"
"08/11/2020","AQS","060070008","3","7.2","ug/m3 LC","30","Chico-East Avenue","1","100.0000","88101","PM2.5 - Local Conditions","17020","Chico, CA","06","California","007","Butte","39.76168","-121.84047"
"08/12/2020","AQS","060070008","3","8","ug/m3 LC","33","Chico-East Avenue","1","100.0000","88101","PM2.5 - Local Conditions","17020","Chico, CA","06","California","007","Butte","39.76168","-121.84047"
"08/13/2020","AQS","060070008","3","6.5","ug/m3 LC","27","Chico-East Avenue","1","100.0000","88101","PM2.5 - Local Conditions","17020","Chico, CA","06","California","007","Butte","39.76168","-121.84047"
"08/14/2020","AQS","060070008","3","5.3","ug/m3 LC","22","Chico-East Avenue","1","100.0000","88101","PM2.5 - Local Conditions","17020","Chico, CA","06","California","007","Butte","39.76168","-121.84047"
"08/15/2020","AQS","060070008","3","4.7","ug/m3 LC","20","Chico-East Avenue","1","100.0000","88101","PM2.5 - Local Conditions","17020","Chico, CA","06","California","007","Butte","39.76168","-121.84047"
"08/16/2020","AQS","060070008","3","5.7","ug/m3 LC","24","Chico-East Avenue","1","100.0000","88101","PM2.5 - Local Conditions","17020","Chico, CA","06","California","007","Butte","39.76168","-121.84047"
"08/17/2020","AQS","060070008","3","8.8","ug/m3 LC","37","Chico-East Avenue","1","100.0000","88101","PM2.5 - Local Conditions","17020","Chico, CA","06","California","007","Butte","39.76168","-121.84047"
"08/18/2020","AQS","060070008","3","25.6","ug/m3 LC","79","Chico-East Avenue","1","100.0000","88101","PM2.5 - Local Conditions","17020","Chico, CA","06","California","007","Butte","39.76168","-121.84047"
"08/19/2020","AQS","060070008","3","39.2","ug/m3 LC","110","Chico-East Avenue","1","100.0000","88101","PM2.5 - Local Conditions","17020","Chico, CA","06","California","007","Butte","39.76168","-121.84047"
"08/20/2020","AQS","060070008","3","81.8","ug/m3 LC","165","Chico-East Avenue","1","100.0000","88101","PM2.5 - Local Conditions","17020","Chico, CA","06","California","007","Butte","39.76168","-121.84047"
"08/21/2020","AQS","060070008","3","134.3","ug/m3 LC","192","Chico-East Avenue","1","100.0000","88101","PM2.5 - Local Conditions","17020","Chico, CA","06","California","007","Butte","39.76168","-121.84047"
"08/22/2020","AQS","060070008","3","118.5","ug/m3 LC","184","Chico-East Avenue","1","100.0000","88101","PM2.5 - Local Conditions","17020","Chico, CA","06","California","007","Butte","39.76168","-121.84047"
"08/23/2020","AQS","060070008","3","92.3","ug/m3 LC","170","Chico-East Avenue","1","100.0000","88101","PM2.5 - Local Conditions","17020","Chico, CA","06","California","007","Butte","39.76168","-121.84047"
"08/24/2020","AQS","060070008","3","77.1","ug/m3 LC","162","Chico-East Avenue","1","100.0000","88101","PM2.5 - Local Conditions","17020","Chico, CA","06","California","007","Butte","39.76168","-121.84047"
"08/25/2020","AQS","060070008","3","73.5","ug/m3 LC","160","Chico-East Avenue","1","100.0000","88101","PM2.5 - Local Conditions","17020","Chico, CA","06","California","007","Butte","39.76168","-121.84047"
"08/26/2020","AQS","060070008","3","44.7","ug/m3 LC","124","Chico-East Avenue","1","100.0000","88101","PM2.5 - Local Conditions","17020","Chico, CA","06","California","007","Butte","39.76168","-121.84047"
"08/27/2020","AQS","060070008","3","26.5","ug/m3 LC","81","Chico-East Avenue","1","100.0000","88101","PM2.5 - Local Conditions","17020","Chico, CA","06","California","007","Butte","39.76168","-121.84047"
"08/28/2020","AQS","060070008","3","40.6","ug/m3 LC","114","Chico-East Avenue","1","100.0000","88101","PM2.5 - Local Conditions","17020","Chico, CA","06","California","007","Butte","39.76168","-121.84047"
"08/29/2020","AQS","060070008","3","54.2","ug/m3 LC","147","Chico-East Avenue","1","100.0000","88101","PM2.5 - Local Conditions","17020","Chico, CA","06","California","007","Butte","39.76168","-121.84047"
"08/30/2020","AQS","060070008","3","35.5","ug/m3 LC","101","Chico-East Avenue","1","100.0000","88101","PM2.5 - Local Conditions","17020","Chico, CA","06","California","007","Butte","39.76168","-121.84047"
"08/31/2020","AQS","060070008","3","32.3","ug/m3 LC","93","Chico-East Avenue","1","100.0000","88101","PM2.5 - Local Conditions","17020","Chico, CA","06","California","007","Butte","39.76168","-121.84047"
"09/01/2020","AirNow","060070008","3","20","ug/m3 LC","68","Chico-East Avenue","1","100.0000","88101","PM2.5 - Local Conditions","17020","Chico, CA","06","California","007","Butte","39.76168","-121.84047"
"09/02/2020","AirNow","060070008","3","27.9","ug/m3 LC","84","Chico-East Avenue","1","100.0000","88101","PM2.5 - Local Conditions","17020","Chico, CA","06","California","007","Butte","39.76168","-121.84047"
"09/03/2020","AirNow","060070008","3","26.2","ug/m3 LC","81","Chico-East Avenue","1","100.0000","88101","PM2.5 - Local Conditions","17020","Chico, CA","06","California","007","Butte","39.76168","-121.84047"
"09/04/2020","AirNow","060070008","3","30.3","ug/m3 LC","89","Chico-East Avenue","1","100.0000","88101","PM2.5 - Local Conditions","17020","Chico, CA","06","California","007","Butte","39.76168","-121.84047"
"09/05/2020","AirNow","060070008","3","39.6","ug/m3 LC","111","Chico-East Avenue","1","100.0000","88101","PM2.5 - Local Conditions","17020","Chico, CA","06","California","007","Butte","39.76168","-121.84047"
"09/06/2020","AirNow","060070008","3","47.4","ug/m3 LC","130","Chico-East Avenue","1","100.0000","88101","PM2.5 - Local Conditions","17020","Chico, CA","06","California","007","Butte","39.76168","-121.84047"
"09/07/2020","AirNow","060070008","3","50.4","ug/m3 LC","138","Chico-East Avenue","1","100.0000","88101","PM2.5 - Local Conditions","17020","Chico, CA","06","California","007","Butte","39.76168","-121.84047"
"09/08/2020","AirNow","060070008","3","34.8","ug/m3 LC","99","Chico-East Avenue","1","100.0000","88101","PM2.5 - Local Conditions","17020","Chico, CA","06","California","007","Butte","39.76168","-121.84047"
"09/09/2020","AirNow","060070008","3","42.5","ug/m3 LC","118","Chico-East Avenue","1","100.0000","88101","PM2.5 - Local Conditions","17020","Chico, CA","06","California","007","Butte","39.76168","-121.84047"
"09/10/2020","AirNow","060070008","3","127.3","ug/m3 LC","188","Chico-East Avenue","1","100.0000","88101","PM2.5 - Local Conditions","17020","Chico, CA","06","California","007","Butte","39.76168","-121.84047"
"09/11/2020","AirNow","060070008","3","124.6","ug/m3 LC","187","Chico-East Avenue","1","100.0000","88101","PM2.5 - Local Conditions","17020","Chico, CA","06","California","007","Butte","39.76168","-121.84047"
"09/12/2020","AirNow","060070008","3","227.6","ug/m3 LC","277","Chico-East Avenue","1","100.0000","88101","PM2.5 - Local Conditions","17020","Chico, CA","06","California","007","Butte","39.76168","-121.84047"
"09/13/2020","AirNow","060070008","3","329.3","ug/m3 LC","379","Chico-East Avenue","1","100.0000","88101","PM2.5 - Local Conditions","17020","Chico, CA","06","California","007","Butte","39.76168","-121.84047"
"09/14/2020","AirNow","060070008","3","169.8","ug/m3 LC","220","Chico-East Avenue","1","100.0000","88101","PM2.5 - Local Conditions","17020","Chico, CA","06","California","007","Butte","39.76168","-121.84047"
"09/15/2020","AirNow","060070008","3","67.7","ug/m3 LC","157","Chico-East Avenue","1","100.0000","88101","PM2.5 - Local Conditions","17020","Chico, CA","06","California","007","Butte","39.76168","-121.84047"
"09/16/2020","AirNow","060070008","3","58","ug/m3 LC","152","Chico-East Avenue","1","100.0000","88101","PM2.5 - Local Conditions","17020","Chico, CA","06","California","007","Butte","39.76168","-121.84047"
"09/17/2020","AirNow","060070008","3","50.3","ug/m3 LC","137","Chico-East Avenue","1","100.0000","88101","PM2.5 - Local Conditions","17020","Chico, CA","06","California","007","Butte","39.76168","-121.84047"
"09/18/2020","AirNow","060070008","3","15","ug/m3 LC","57","Chico-East Avenue","1","100.0000","88101","PM2.5 - Local Conditions","17020","Chico, CA","06","California","007","Butte","39.76168","-121.84047"
"09/19/2020","AirNow","060070008","3","20","ug/m3 LC","68","Chico-East Avenue","1","100.0000","88101","PM2.5 - Local Conditions","17020","Chico, CA","06","California","007","Butte","39.76168","-121.84047"
"09/20/2020","AirNow","060070008","3","51.9","ug/m3 LC","141","Chico-East Avenue","1","100.0000","88101","PM2.5 - Local Conditions","17020","Chico, CA","06","California","007","Butte","39.76168","-121.84047"
"09/21/2020","AirNow","060070008","3","67.2","ug/m3 LC","157","Chico-East Avenue","1","100.0000","88101","PM2.5 - Local Conditions","17020","Chico, CA","06","California","007","Butte","39.76168","-121.84047"
"09/22/2020","AirNow","060070008","3","22.3","ug/m3 LC","72","Chico-East Avenue","1","100.0000","88101","PM2.5 - Local Conditions","17020","Chico, CA","06","California","007","Butte","39.76168","-121.84047"
"09/23/2020","AirNow","060070008","3","25.1","ug/m3 LC","78","Chico-East Avenue","1","100.0000","88101","PM2.5 - Local Conditions","17020","Chico, CA","06","California","007","Butte","39.76168","-121.84047"
"09/24/2020","AirNow","060070008","3","8.6","ug/m3 LC","36","Chico-East Avenue","1","100.0000","88101","PM2.5 - Local Conditions","17020","Chico, CA","06","California","007","Butte","39.76168","-121.84047"
"09/25/2020","AirNow","060070008","3","8.3","ug/m3 LC","35","Chico-East Avenue","1","100.0000","88101","PM2.5 - Local Conditions","17020","Chico, CA","06","California","007","Butte","39.76168","-121.84047"
"09/26/2020","AirNow","060070008","3","16.2","ug/m3 LC","60","Chico-East Avenue","1","100.0000","88101","PM2.5 - Local Conditions","17020","Chico, CA","06","California","007","Butte","39.76168","-121.84047"
"09/27/2020","AirNow","060070008","3","4.3","ug/m3 LC","18","Chico-East Avenue","1","100.0000","88101","PM2.5 - Local Conditions","17020","Chico, CA","06","California","007","Butte","39.76168","-121.84047"
"09/28/2020","AirNow","060070008","3","6.7","ug/m3 LC","28","Chico-East Avenue","1","100.0000","88101","PM2.5 - Local Conditions","17020","Chico, CA","06","California","007","Butte","39.76168","-121.84047"
"09/29/2020","AirNow","060070008","3","46.6","ug/m3 LC","128","Chico-East Avenue","1","100.0000","88101","PM2.5 - Local Conditions","17020","Chico, CA","06","California","007","Butte","39.76168","-121.84047"
"09/30/2020","AirNow","060070008","3","50.4","ug/m3 LC","138","Chico-East Avenue","1","100.0000","88101","PM2.5 - Local Conditions","17020","Chico, CA","06","California","007","Butte","39.76168","-121.84047"
"10/01/2020","AirNow","060070008","3","75.9","ug/m3 LC","162","Chico-East Avenue","1","100.0000","88101","PM2.5 - Local Conditions","17020","Chico, CA","06","California","007","Butte","39.76168","-121.84047"
"10/02/2020","AirNow","060070008","3","59.9","ug/m3 LC","153","Chico-East Avenue","1","100.0000","88101","PM2.5 - Local Conditions","17020","Chico, CA","06","California","007","Butte","39.76168","-121.84047"
"10/03/2020","AirNow","060070008","3","72","ug/m3 LC","160","Chico-East Avenue","1","100.0000","88101","PM2.5 - Local Conditions","17020","Chico, CA","06","California","007","Butte","39.76168","-121.84047"
"10/04/2020","AirNow","060070008","3","67.6","ug/m3 LC","157","Chico-East Avenue","1","100.0000","88101","PM2.5 - Local Conditions","17020","Chico, CA","06","California","007","Butte","39.76168","-121.84047"
"10/05/2020","AirNow","060070008","3","37.7","ug/m3 LC","106","Chico-East Avenue","1","100.0000","88101","PM2.5 - Local Conditions","17020","Chico, CA","06","California","007","Butte","39.76168","-121.84047"
"10/06/2020","AirNow","060070008","3","23.1","ug/m3 LC","74","Chico-East Avenue","1","100.0000","88101","PM2.5 - Local Conditions","17020","Chico, CA","06","California","007","Butte","39.76168","-121.84047"
"10/07/2020","AirNow","060070008","3","24.7","ug/m3 LC","77","Chico-East Avenue","1","100.0000","88101","PM2.5 - Local Conditions","17020","Chico, CA","06","California","007","Butte","39.76168","-121.84047"
"10/08/2020","AirNow","060070008","3","24.5","ug/m3 LC","77","Chico-East Avenue","1","100.0000","88101","PM2.5 - Local Conditions","17020","Chico, CA","06","California","007","Butte","39.76168","-121.84047"
"10/09/2020","AirNow","060070008","3","22.2","ug/m3 LC","72","Chico-East Avenue","1","100.0000","88101","PM2.5 - Local Conditions","17020","Chico, CA","06","California","007","Butte","39.76168","-121.84047"
"10/10/2020","AirNow","060070008","3","10.7","ug/m3 LC","45","Chico-East Avenue","1","100.0000","88101","PM2.5 - Local Conditions","17020","Chico, CA","06","California","007","Butte","39.76168","-121.84047"
"10/11/2020","AirNow","060070008","3","4.3","ug/m3 LC","18","Chico-East Avenue","1","100.0000","88101","PM2.5 - Local Conditions","17020","Chico, CA","06","California","007","Butte","39.76168","-121.84047"
"10/12/2020","AirNow","060070008","3","6.6","ug/m3 LC","28","Chico-East Avenue","1","100.0000","88101","PM2.5 - Local Conditions","17020","Chico, CA","06","California","007","Butte","39.76168","-121.84047"
"10/13/2020","AirNow","060070008","3","9","ug/m3 LC","38","Chico-East Avenue","1","100.0000","88101","PM2.5 - Local Conditions","17020","Chico, CA","06","California","007","Butte","39.76168","-121.84047"
"10/14/2020","AirNow","060070008","3","3.9","ug/m3 LC","16","Chico-East Avenue","1","100.0000","88101","PM2.5 - Local Conditions","17020","Chico, CA","06","California","007","Butte","39.76168","-121.84047"
"10/15/2020","AirNow","060070008","3","5","ug/m3 LC","21","Chico-East Avenue","1","100.0000","88101","PM2.5 - Local Conditions","17020","Chico, CA","06","California","007","Butte","39.76168","-121.84047"
"10/16/2020","AirNow","060070008","3","3.2","ug/m3 LC","13","Chico-East Avenue","1","100.0000","88101","PM2.5 - Local Conditions","17020","Chico, CA","06","California","007","Butte","39.76168","-121.84047"
"10/17/2020","AirNow","060070008","3","6.5","ug/m3 LC","27","Chico-East Avenue","1","100.0000","88101","PM2.5 - Local Conditions","17020","Chico, CA","06","California","007","Butte","39.76168","-121.84047"
"10/18/2020","AirNow","060070008","3","4.8","ug/m3 LC","20","Chico-East Avenue","1","100.0000","88101","PM2.5 - Local Conditions","17020","Chico, CA","06","California","007","Butte","39.76168","-121.84047"
"10/19/2020","AirNow","060070008","3","5.8","ug/m3 LC","24","Chico-East Avenue","1","100.0000","88101","PM2.5 - Local Conditions","17020","Chico, CA","06","California","007","Butte","39.76168","-121.84047"
"10/20/2020","AirNow","060070008","3","3.7","ug/m3 LC","15","Chico-East Avenue","1","100.0000","88101","PM2.5 - Local Conditions","17020","Chico, CA","06","California","007","Butte","39.76168","-121.84047"
"10/21/2020","AirNow","060070008","3","5.9","ug/m3 LC","25","Chico-East Avenue","1","100.0000","88101","PM2.5 - Local Conditions","17020","Chico, CA","06","California","007","Butte","39.76168","-121.84047"
"10/22/2020","AirNow","060070008","3","7.2","ug/m3 LC","30","Chico-East Avenue","1","100.0000","88101","PM2.5 - Local Conditions","17020","Chico, CA","06","California","007","Butte","39.76168","-121.84047"
"10/23/2020","AirNow","060070008","3","6.7","ug/m3 LC","28","Chico-East Avenue","1","100.0000","88101","PM2.5 - Local Conditions","17020","Chico, CA","06","California","007","Butte","39.76168","-121.84047"
"10/24/2020","AirNow","060070008","3","8.6","ug/m3 LC","36","Chico-East Avenue","1","100.0000","88101","PM2.5 - Local Conditions","17020","Chico, CA","06","California","007","Butte","39.76168","-121.84047"
"10/25/2020","AirNow","060070008","3","6.8","ug/m3 LC","28","Chico-East Avenue","1","100.0000","88101","PM2.5 - Local Conditions","17020","Chico, CA","06","California","007","Butte","39.76168","-121.84047"
"10/26/2020","AirNow","060070008","3","5.7","ug/m3 LC","24","Chico-East Avenue","1","100.0000","88101","PM2.5 - Local Conditions","17020","Chico, CA","06","California","007","Butte","39.76168","-121.84047"
"10/27/2020","AirNow","060070008","3","7","ug/m3 LC","29","Chico-East Avenue","1","100.0000","88101","PM2.5 - Local Conditions","17020","Chico, CA","06","California","007","Butte","39.76168","-121.84047"
"10/28/2020","AirNow","060070008","3","11.9","ug/m3 LC","50","Chico-East Avenue","1","100.0000","88101","PM2.5 - Local Conditions","17020","Chico, CA","06","California","007","Butte","39.76168","-121.84047"
"10/29/2020","AirNow","060070008","3","16.1","ug/m3 LC","59","Chico-East Avenue","1","100.0000","88101","PM2.5 - Local Conditions","17020","Chico, CA","06","California","007","Butte","39.76168","-121.84047"
"10/30/2020","AirNow","060070008","3","17","ug/m3 LC","61","Chico-East Avenue","1","100.0000","88101","PM2.5 - Local Conditions","17020","Chico, CA","06","California","007","Butte","39.76168","-121.84047"
"10/31/2020","AirNow","060070008","3","20.7","ug/m3 LC","69","Chico-East Avenue","1","100.0000","88101","PM2.5 - Local Conditions","17020","Chico, CA","06","California","007","Butte","39.76168","-121.84047"
"11/01/2020","AirNow","060070008","3","15.3","ug/m3 LC","58","Chico-East Avenue","1","100.0000","88101","PM2.5 - Local Conditions","17020","Chico, CA","06","California","007","Butte","39.76168","-121.84047"
"11/02/2020","AirNow","060070008","3","11.5","ug/m3 LC","48","Chico-East Avenue","1","100.0000","88101","PM2.5 - Local Conditions","17020","Chico, CA","06","California","007","Butte","39.76168","-121.84047"
"11/03/2020","AirNow","060070008","3","11.6","ug/m3 LC","48","Chico-East Avenue","1","100.0000","88101","PM2.5 - Local Conditions","17020","Chico, CA","06","California","007","Butte","39.76168","-121.84047"
"11/04/2020","AirNow","060070008","3","14.4","ug/m3 LC","56","Chico-East Avenue","1","100.0000","88101","PM2.5 - Local Conditions","17020","Chico, CA","06","California","007","Butte","39.76168","-121.84047"
"11/05/2020","AirNow","060070008","3","13.6","ug/m3 LC","54","Chico-East Avenue","1","100.0000","88101","PM2.5 - Local Conditions","17020","Chico, CA","06","California","007","Butte","39.76168","-121.84047"
"11/06/2020","AirNow","060070008","3","4.6","ug/m3 LC","19","Chico-East Avenue","1","100.0000","88101","PM2.5 - Local Conditions","17020","Chico, CA","06","California","007","Butte","39.76168","-121.84047"
"11/07/2020","AirNow","060070008","3","3.6","ug/m3 LC","15","Chico-East Avenue","1","100.0000","88101","PM2.5 - Local Conditions","17020","Chico, CA","06","California","007","Butte","39.76168","-121.84047"
"11/08/2020","AirNow","060070008","3","1.9","ug/m3 LC","8","Chico-East Avenue","1","100.0000","88101","PM2.5 - Local Conditions","17020","Chico, CA","06","California","007","Butte","39.76168","-121.84047"
"11/09/2020","AirNow","060070008","3","7.7","ug/m3 LC","32","Chico-East Avenue","1","100.0000","88101","PM2.5 - Local Conditions","17020","Chico, CA","06","California","007","Butte","39.76168","-121.84047"
"11/10/2020","AirNow","060070008","3","12.6","ug/m3 LC","52","Chico-East Avenue","1","100.0000","88101","PM2.5 - Local Conditions","17020","Chico, CA","06","California","007","Butte","39.76168","-121.84047"
"11/11/2020","AirNow","060070008","3","17.2","ug/m3 LC","62","Chico-East Avenue","1","100.0000","88101","PM2.5 - Local Conditions","17020","Chico, CA","06","California","007","Butte","39.76168","-121.84047"
"11/12/2020","AirNow","060070008","3","25.7","ug/m3 LC","80","Chico-East Avenue","1","100.0000","88101","PM2.5 - Local Conditions","17020","Chico, CA","06","California","007","Butte","39.76168","-121.84047"
"11/13/2020","AirNow","060070008","3","10.7","ug/m3 LC","45","Chico-East Avenue","1","100.0000","88101","PM2.5 - Local Conditions","17020","Chico, CA","06","California","007","Butte","39.76168","-121.84047"
"11/14/2020","AirNow","060070008","3","10.4","ug/m3 LC","43","Chico-East Avenue","1","100.0000","88101","PM2.5 - Local Conditions","17020","Chico, CA","06","California","007","Butte","39.76168","-121.84047"
"11/15/2020","AirNow","060070008","3","8.2","ug/m3 LC","34","Chico-East Avenue","1","100.0000","88101","PM2.5 - Local Conditions","17020","Chico, CA","06","California","007","Butte","39.76168","-121.84047"
"11/16/2020","AirNow","060070008","3","14.3","ug/m3 LC","56","Chico-East Avenue","1","100.0000","88101","PM2.5 - Local Conditions","17020","Chico, CA","06","California","007","Butte","39.76168","-121.84047"
"11/17/2020","AirNow","060070008","3","12.7","ug/m3 LC","52","Chico-East Avenue","1","100.0000","88101","PM2.5 - Local Conditions","17020","Chico, CA","06","California","007","Butte","39.76168","-121.84047"
"11/18/2020","AirNow","060070008","3","3.3","ug/m3 LC","14","Chico-East Avenue","1","100.0000","88101","PM2.5 - Local Conditions","17020","Chico, CA","06","California","007","Butte","39.76168","-121.84047"
"11/19/2020","AirNow","060070008","3","5","ug/m3 LC","21","Chico-East Avenue","1","100.0000","88101","PM2.5 - Local Conditions","17020","Chico, CA","06","California","007","Butte","39.76168","-121.84047"
"11/20/2020","AirNow","060070008","3","10.9","ug/m3 LC","45","Chico-East Avenue","1","100.0000","88101","PM2.5 - Local Conditions","17020","Chico, CA","06","California","007","Butte","39.76168","-121.84047"
"11/21/2020","AirNow","060070008","3","20.6","ug/m3 LC","69","Chico-East Avenue","1","100.0000","88101","PM2.5 - Local Conditions","17020","Chico, CA","06","California","007","Butte","39.76168","-121.84047"
"11/22/2020","AirNow","060070008","3","19.6","ug/m3 LC","67","Chico-East Avenue","1","100.0000","88101","PM2.5 - Local Conditions","17020","Chico, CA","06","California","007","Butte","39.76168","-121.84047"
"11/23/2020","AirNow","060070008","3","15","ug/m3 LC","57","Chico-East Avenue","1","100.0000","88101","PM2.5 - Local Conditions","17020","Chico, CA","06","California","007","Butte","39.76168","-121.84047"
"11/24/2020","AirNow","060070008","3","9.4","ug/m3 LC","39","Chico-East Avenue","1","100.0000","88101","PM2.5 - Local Conditions","17020","Chico, CA","06","California","007","Butte","39.76168","-121.84047"
"11/25/2020","AirNow","060070008","3","6.5","ug/m3 LC","27","Chico-East Avenue","1","100.0000","88101","PM2.5 - Local Conditions","17020","Chico, CA","06","California","007","Butte","39.76168","-121.84047"
"11/26/2020","AirNow","060070008","3","5.1","ug/m3 LC","21","Chico-East Avenue","1","100.0000","88101","PM2.5 - Local Conditions","17020","Chico, CA","06","California","007","Butte","39.76168","-121.84047"
"11/27/2020","AirNow","060070008","3","12.1","ug/m3 LC","51","Chico-East Avenue","1","100.0000","88101","PM2.5 - Local Conditions","17020","Chico, CA","06","California","007","Butte","39.76168","-121.84047"
"11/28/2020","AirNow","060070008","3","20.4","ug/m3 LC","68","Chico-East Avenue","1","100.0000","88101","PM2.5 - Local Conditions","17020","Chico, CA","06","California","007","Butte","39.76168","-121.84047"
"11/29/2020","AirNow","060070008","3","34.5","ug/m3 LC","98","Chico-East Avenue","1","100.0000","88101","PM2.5 - Local Conditions","17020","Chico, CA","06","California","007","Butte","39.76168","-121.84047"
"11/30/2020","AirNow","060070008","3","23.3","ug/m3 LC","75","Chico-East Avenue","1","100.0000","88101","PM2.5 - Local Conditions","17020","Chico, CA","06","California","007","Butte","39.76168","-121.84047"
"12/01/2020","AirNow","060070008","3","16.1","ug/m3 LC","59","Chico-East Avenue","1","100.0000","88101","PM2.5 - Local Conditions","17020","Chico, CA","06","California","007","Butte","39.76168","-121.84047"
"12/02/2020","AirNow","060070008","3","18.8","ug/m3 LC","65","Chico-East Avenue","1","100.0000","88101","PM2.5 - Local Conditions","17020","Chico, CA","06","California","007","Butte","39.76168","-121.84047"
"12/03/2020","AirNow","060070008","3","24.2","ug/m3 LC","76","Chico-East Avenue","1","100.0000","88101","PM2.5 - Local Conditions","17020","Chico, CA","06","California","007","Butte","39.76168","-121.84047"
"12/04/2020","AirNow","060070008","3","27.5","ug/m3 LC","83","Chico-East Avenue","1","100.0000","88101","PM2.5 - Local Conditions","17020","Chico, CA","06","California","007","Butte","39.76168","-121.84047"
"12/05/2020","AirNow","060070008","3","27.5","ug/m3 LC","83","Chico-East Avenue","1","100.0000","88101","PM2.5 - Local Conditions","17020","Chico, CA","06","California","007","Butte","39.76168","-121.84047"
"12/06/2020","AirNow","060070008","3","10.1","ug/m3 LC","42","Chico-East Avenue","1","100.0000","88101","PM2.5 - Local Conditions","17020","Chico, CA","06","California","007","Butte","39.76168","-121.84047"
"12/07/2020","AirNow","060070008","3","7.4","ug/m3 LC","31","Chico-East Avenue","1","100.0000","88101","PM2.5 - Local Conditions","17020","Chico, CA","06","California","007","Butte","39.76168","-121.84047"
"12/08/2020","AirNow","060070008","3","18.4","ug/m3 LC","64","Chico-East Avenue","1","100.0000","88101","PM2.5 - Local Conditions","17020","Chico, CA","06","California","007","Butte","39.76168","-121.84047"
"12/09/2020","AirNow","060070008","3","16.1","ug/m3 LC","59","Chico-East Avenue","1","100.0000","88101","PM2.5 - Local Conditions","17020","Chico, CA","06","California","007","Butte","39.76168","-121.84047"
"12/10/2020","AirNow","060070008","3","20.7","ug/m3 LC","69","Chico-East Avenue","1","100.0000","88101","PM2.5 - Local Conditions","17020","Chico, CA","06","California","007","Butte","39.76168","-121.84047"
"12/11/2020","AirNow","060070008","3","18.2","ug/m3 LC","64","Chico-East Avenue","1","100.0000","88101","PM2.5 - Local Conditions","17020","Chico, CA","06","California","007","Butte","39.76168","-121.84047"
"12/12/2020","AirNow","060070008","3","8.2","ug/m3 LC","34","Chico-East Avenue","1","100.0000","88101","PM2.5 - Local Conditions","17020","Chico, CA","06","California","007","Butte","39.76168","-121.84047"
"12/13/2020","AirNow","060070008","3","8.6","ug/m3 LC","36","Chico-East Avenue","1","100.0000","88101","PM2.5 - Local Conditions","17020","Chico, CA","06","California","007","Butte","39.76168","-121.84047"
"12/14/2020","AirNow","060070008","3","8.3","ug/m3 LC","35","Chico-East Avenue","1","100.0000","88101","PM2.5 - Local Conditions","17020","Chico, CA","06","California","007","Butte","39.76168","-121.84047"
"12/15/2020","AirNow","060070008","3","18.7","ug/m3 LC","65","Chico-East Avenue","1","100.0000","88101","PM2.5 - Local Conditions","17020","Chico, CA","06","California","007","Butte","39.76168","-121.84047"
"12/16/2020","AirNow","060070008","3","18","ug/m3 LC","63","Chico-East Avenue","1","100.0000","88101","PM2.5 - Local Conditions","17020","Chico, CA","06","California","007","Butte","39.76168","-121.84047"
"12/17/2020","AirNow","060070008","3","8","ug/m3 LC","33","Chico-East Avenue","1","100.0000","88101","PM2.5 - Local Conditions","17020","Chico, CA","06","California","007","Butte","39.76168","-121.84047"
"12/18/2020","AirNow","060070008","3","12.1","ug/m3 LC","51","Chico-East Avenue","1","100.0000","88101","PM2.5 - Local Conditions","17020","Chico, CA","06","California","007","Butte","39.76168","-121.84047"
"12/19/2020","AirNow","060070008","3","26","ug/m3 LC","80","Chico-East Avenue","1","100.0000","88101","PM2.5 - Local Conditions","17020","Chico, CA","06","California","007","Butte","39.76168","-121.84047"
"12/20/2020","AirNow","060070008","3","39.5","ug/m3 LC","111","Chico-East Avenue","1","100.0000","88101","PM2.5 - Local Conditions","17020","Chico, CA","06","California","007","Butte","39.76168","-121.84047"
"12/21/2020","AirNow","060070008","3","28.5","ug/m3 LC","85","Chico-East Avenue","1","100.0000","88101","PM2.5 - Local Conditions","17020","Chico, CA","06","California","007","Butte","39.76168","-121.84047"
"12/22/2020","AirNow","060070008","3","14.7","ug/m3 LC","56","Chico-East Avenue","1","100.0000","88101","PM2.5 - Local Conditions","17020","Chico, CA","06","California","007","Butte","39.76168","-121.84047"
"12/23/2020","AirNow","060070008","3","10.8","ug/m3 LC","45","Chico-East Avenue","1","100.0000","88101","PM2.5 - Local Conditions","17020","Chico, CA","06","California","007","Butte","39.76168","-121.84047"
"12/24/2020","AirNow","060070008","3","34.1","ug/m3 LC","97","Chico-East Avenue","1","100.0000","88101","PM2.5 - Local Conditions","17020","Chico, CA","06","California","007","Butte","39.76168","-121.84047"
"12/25/2020","AirNow","060070008","3","15.8","ug/m3 LC","59","Chico-East Avenue","1","100.0000","88101","PM2.5 - Local Conditions","17020","Chico, CA","06","California","007","Butte","39.76168","-121.84047"
"12/26/2020","AirNow","060070008","3","5.9","ug/m3 LC","25","Chico-East Avenue","1","100.0000","88101","PM2.5 - Local Conditions","17020","Chico, CA","06","California","007","Butte","39.76168","-121.84047"
"12/27/2020","AirNow","060070008","3","7.9","ug/m3 LC","33","Chico-East Avenue","1","100.0000","88101","PM2.5 - Local Conditions","17020","Chico, CA","06","California","007","Butte","39.76168","-121.84047"
"12/28/2020","AirNow","060070008","3","12.6","ug/m3 LC","52","Chico-East Avenue","1","100.0000","88101","PM2.5 - Local Conditions","17020","Chico, CA","06","California","007","Butte","39.76168","-121.84047"
"12/29/2020","AirNow","060070008","3","14","ug/m3 LC","55","Chico-East Avenue","1","100.0000","88101","PM2.5 - Local Conditions","17020","Chico, CA","06","California","007","Butte","39.76168","-121.84047"
"12/30/2020","AirNow","060070008","3","21.7","ug/m3 LC","71","Chico-East Avenue","1","100.0000","88101","PM2.5 - Local Conditions","17020","Chico, CA","06","California","007","Butte","39.76168","-121.84047"
"12/31/2020","AirNow","060070008","3","12.9","ug/m3 LC","53","Chico-East Avenue","1","100.0000","88101","PM2.5 - Local Conditions","17020","Chico, CA","06","California","007","Butte","39.76168","-121.84047"
"01/04/2020","AQS","060070008","5","17.1","ug/m3 LC","62","Chico-East Avenue","1","100.0000","88502","Acceptable PM2.5 AQI & Speciation Mass","17020","Chico, CA","06","California","007","Butte","39.76168","-121.84047"
"01/12/2020","AQS","060070008","5","7.9","ug/m3 LC","33","Chico-East Avenue","1","100.0000","88502","Acceptable PM2.5 AQI & Speciation Mass","17020","Chico, CA","06","California","007","Butte","39.76168","-121.84047"
"01/16/2020","AQS","060070008","5","3.4","ug/m3 LC","14","Chico-East Avenue","1","100.0000","88502","Acceptable PM2.5 AQI & Speciation Mass","17020","Chico, CA","06","California","007","Butte","39.76168","-121.84047"
"01/22/2020","AQS","060070008","5","4.9","ug/m3 LC","20","Chico-East Avenue","1","100.0000","88502","Acceptable PM2.5 AQI & Speciation Mass","17020","Chico, CA","06","California","007","Butte","39.76168","-121.84047"
"01/28/2020","AQS","060070008","5","5.2","ug/m3 LC","22","Chico-East Avenue","1","100.0000","88502","Acceptable PM2.5 AQI & Speciation Mass","17020","Chico, CA","06","California","007","Butte","39.76168","-121.84047"
"02/05/2020","AQS","060070008","5","16.6","ug/m3 LC","60","Chico-East Avenue","1","100.0000","88502","Acceptable PM2.5 AQI & Speciation Mass","17020","Chico, CA","06","California","007","Butte","39.76168","-121.84047"
"02/09/2020","AQS","060070008","5","2.5","ug/m3 LC","10","Chico-East Avenue","1","100.0000","88502","Acceptable PM2.5 AQI & Speciation Mass","17020","Chico, CA","06","California","007","Butte","39.76168","-121.84047"
"02/20/2020","AQS","060070008","5","14.1","ug/m3 LC","55","Chico-East Avenue","1","100.0000","88502","Acceptable PM2.5 AQI & Speciation Mass","17020","Chico, CA","06","California","007","Butte","39.76168","-121.84047"
"02/23/2020","AQS","060070008","5","9.9","ug/m3 LC","41","Chico-East Avenue","1","100.0000","88502","Acceptable PM2.5 AQI & Speciation Mass","17020","Chico, CA","06","California","007","Butte","39.76168","-121.84047"
"02/27/2020","AQS","060070008","5","9.2","ug/m3 LC","38","Chico-East Avenue","1","100.0000","88502","Acceptable PM2.5 AQI & Speciation Mass","17020","Chico, CA","06","California","007","Butte","39.76168","-121.84047"
"03/10/2020","AQS","060070008","5","4.3","ug/m3 LC","18","Chico-East Avenue","1","100.0000","88502","Acceptable PM2.5 AQI & Speciation Mass","17020","Chico, CA","06","California","007","Butte","39.76168","-121.84047"
"03/16/2020","AQS","060070008","5","4.3","ug/m3 LC","18","Chico-East Avenue","1","100.0000","88502","Acceptable PM2.5 AQI & Speciation Mass","17020","Chico, CA","06","California","007","Butte","39.76168","-121.84047"
